ID_0,NAME_0,OCCUPANCY,MACRO_TAXO,TAXONOMY,BUILDINGS,COST_CONTENTS_USD,COST_NONSTRUCTURAL_USD,COST_STRUCTURAL_USD,OCCUPANTS_PER_ASSET,TOTAL_AREA_SQM,TOTAL_REPL_COST_USD,AVG_BUILDING_AREA_SQM,AVG_TOT_COST_PER_AREA_USD
COL,Colombia,Com,ADO/E,MUR+ADO/LWAL+DNO/H:1/COM02,7593.300000531,337598118.007132,281331764.990218,506397177.01964,0.0,854246.25005399,1125327059.97997,112.4999999992431,1317.3333332266277
COL,Colombia,Com,MCF,MCF/LWAL+DUL/H:1/COM01,9522.899999771,592137323.048551,592137323.048551,789516430.6786261,0.0,2142652.50000573,1973791076.78095,225.00000000601236,921.1904761857892
COL,Colombia,Com,MCF,MCF/LWAL+DUL/H:1/COM02,10067.400000053,447596603.997857,447596603.997857,596795472.003849,0.0,1132582.5000100299,1491988679.98679,112.50000000040401,1317.3333333100036
COL,Colombia,Com,MCF,MCF/LWAL+DUL/H:1/COM2,4030.199999732,250599275.349422,250599275.349422,334132367.142894,0.0,906794.99998998,835330917.81633,225.00000001247582,921.1904761556474
COL,Colombia,Com,MCF,MCF/LWAL+DUL/H:1/COM4,2637.899999768,82012782.05402,82012782.05402,109350376.06968701,0.0,296763.75001653,273375940.20817,112.50000001616058,921.190476238903
COL,Colombia,Com,MCF,MCF/LWAL+DUL/H:1/COM5,4264.199999479,318179374.716686,318179374.716686,424239166.29823,0.0,1151333.99987315,1060597915.74183,270.00000000324087,921.1904763158936
COL,Colombia,Com,MCF,MCF/LWAL+DUL/H:2/COM01,9358.199999958,1163792436.49386,1163792436.49386,1551723248.47067,0.0,4211190.0000379,3879308121.51098,450.00000000606957,921.1904762017546
COL,Colombia,Com,MCF,MCF/LWAL+DUL/H:2/COM02,12608.0999992,1121112252.002016,1121112252.002016,1494816335.9358,0.0,2836822.49987714,3737040839.87948,225.000000004532,1317.3333333479015
COL,Colombia,Com,MCF,MCF/LWAL+DUL/H:2/COM2,4140.899999982,514965281.75443,514965281.75443,686620375.68404,0.0,1863405.00012825,1716550939.25868,450.0000000329277,921.1904761125667
COL,Colombia,Com,MCF,MCF/LWAL+DUL/H:2/COM4,1782.899999884,110861358.749884,110861358.749884,147815144.998458,0.0,401152.50001983996,369537862.50686,225.000000025767,921.1904761620173
COL,Colombia,Com,MCF,MCF/LWAL+DUL/H:2/COM5,4941.000000134,737359547.0736799,737359547.0736799,983146062.91098,0.0,2668140.00016416,2457865157.04651,540.0000000185792,921.1904760976888
COL,Colombia,Com,MUR,MUR/LWAL+DNO/H:1/COM02,21486.599999825,955294236.012048,796078530.027308,1432941353.997022,0.0,2417242.50004856,3184314120.06797,112.50000000317628,1317.333333334988
COL,Colombia,Com,MUR,MUR/LWAL+DNO/H:1/COM2,4045.4999996330002,251550634.811809,209625529.009841,377325952.216699,0.0,910237.49995241,838502116.04865,225.00000000864787,921.190476213614
COL,Colombia,Com,MUR,MUR/LWAL+DNO/H:1/COM5,2147.400000342,160231318.719345,133526098.92829901,240346978.05577,0.0,579798.0001221499,534104395.71249,270.00000001388185,921.1904759933057
COL,Colombia,Com,MUR,MUR/LWAL+DNO/H:2/COM02,15288.299999181,1359435635.951518,1132863029.966584,2039153454.04391,0.0,3439867.49994466,4531452119.98201,225.00000000843357,1317.3333333492965
COL,Colombia,Com,MUR,MUR/LWAL+DNO/H:2/COM5,1577.699999897,235444678.67643,196203898.93357,353167018.07049,0.0,851957.99995832,784815595.69356,540.0000000088356,921.190476211216
COL,Colombia,Com,OT,UNK/LN+DNO/H:1/COM02,5005.799999906,279623987.997783,319570272.001394,199731419.999699,0.0,563152.50002981,798925679.97789,112.50000000806763,1418.6666665523096
COL,Colombia,Com,OT,UNK/LN+DNO/H:1/COM5,1268.1000000899999,118882911.805188,135866184.90862,84916365.576428,0.0,342387.00003441,339665462.29256,270.0000000079726,992.0512819073841
COL,Colombia,Com,RC,CR+PC/LFM+DUH/HBET:1-3/COM01,2683.800000011,366921265.24317,419338588.83402,262086618.03393,0.0,1056746.25000182,1048346472.11243,393.7499999990643,992.0512820467775
COL,Colombia,Com,RC,CR+PC/LFM+DUH/HBET:1-3/COM02,766.799999972,74958533.99995,85666895.99724999,53541809.99933,0.0,150963.74999844,214167240.00667,196.87500000515453,1418.6666667255092
COL,Colombia,Com,RC,CR+PC/LFM+DUH/HBET:1-3/COM2,1916.099999919,261963572.66739,299386940.17373,187116837.621171,0.0,754464.37496343,748467350.49733,393.7499999975595,992.0512821213185
COL,Colombia,Com,RC,CR+PC/LFM+DUH/HBET:1-3/COM5,1595.700000029,261791309.18352,299190067.60866,186993792.24753,0.0,753968.25000041,747975169.04331,472.4999999916698,992.0512820571732
COL,Colombia,Com,RC,CR+PC/LFM+DUL/HBET:1-3/COM01,1168.200000102,159712878.04395002,182529003.4747,114080627.161703,0.0,459978.75003585,456322508.67227,393.74999999630836,992.0512820140169
COL,Colombia,Com,RC,CR+PC/LFM+DUL/HBET:1-3/COM02,350.999999998,34312005.00032,39213719.99644,24508575.00049,0.0,69103.12499464,98034300.00102,196.87499998585113,1418.6666667914662
COL,Colombia,Com,RC,CR+PC/LFM+DUL/HBET:1-3/COM2,1028.699999981,140640847.13924,160732396.72599998,100457747.96129,0.0,405050.62499016,401830991.82885003,393.74999999770705,992.0512820801396
COL,Colombia,Com,RC,CR+PC/LFM+DUL/HBET:1-3/COM5,859.4999999539999,141009983.22799,161154266.53507,100721416.58291,0.0,406113.74998394,402885666.34521997,472.5000000066027,992.0512820882138
COL,Colombia,Com,RC,CR+PC/LFM+DUM/HBET:1-3/COM01,5595.299999917,764973006.6624,874254864.75709,546409290.5295299,0.0,2203149.37497514,2185637162.04239,393.7500000013979,992.0512820729879
COL,Colombia,Com,RC,CR+PC/LFM+DUM/HBET:1-3/COM02,1536.300000108,150181006.511184,171635436.01053,107272147.495666,0.0,302459.06254196,429088589.97983,196.8750000134723,1418.666666403169
COL,Colombia,Com,RC,CR+PC/LFM+DUM/HBET:1-3/COM2,3283.199999973,448869475.34685,512993686.1585,320621053.83841,0.0,1292760.00003468,1282484215.4296799,393.7500000138009,992.0512820595281
COL,Colombia,Com,RC,CR+PC/LFM+DUM/HBET:1-3/COM5,3404.700000236,558576718.88832,638373392.95188,398983370.57658,0.0,1608720.75001015,1595933482.57651,472.4999999702294,992.0512820925824
COL,Colombia,Com,RC,CR/LFINF+DUH/HBET:1-3/COM01,2703.600000074,369628263.16815,422432300.74148,264020187.98843998,0.0,1064542.50004135,1056080751.93109,393.7500000045171,992.051282020275
COL,Colombia,Com,RC,CR/LFINF+DUH/HBET:1-3/COM3,1115.9999999899999,76288123.55894,87186426.92516,54491516.82566,0.0,219712.49999189,217966067.30793,196.87499999449713,992.0512820889822
COL,Colombia,Com,RC,CR/LFINF+DUH/HBET:1-3/COM4,509.400000011,34821837.042971,39796385.192364,24872740.745095,0.0,100288.12500427,99490962.98648,196.8750000041311,992.0512820659868
COL,Colombia,Com,RC,CR/LFINF+DUH/HBET:1-3/COM5,1518.299999988,249093027.96032998,284677746.22478,177923591.39472002,0.0,717396.75000038,711694365.59048,472.50000000398467,992.0512820696539
COL,Colombia,Com,RC,CR/LFINF+DUH/HBET:1-3/COM6,12216.600000021,835108862.228512,954410128.279635,596506330.160378,0.0,2405143.12495775,2386025320.71099,196.87499999620317,992.0512820844722
COL,Colombia,Com,RC,CR/LFINF+DUH/HBET:4-6/COM3,529.199999965,103358102.88051,118123546.15878999,73827216.34571,0.0,297674.9999819,295308865.3749,562.5000000029999,992.0512820789658
COL,Colombia,Com,RC,CR/LFINF+DUH/HBET:4-6/COM4,334.799999959,65389820.18906,74731223.08007,46707014.42125,0.0,188324.9999725,186828057.6841,562.4999999867458,992.051282152563
COL,Colombia,Com,RC,CR/LFINF+DUH/HBET:4-6/COM5,405.89999993600003,190263283.27162,217443752.3118,135902345.19065,0.0,547964.9999074,543609380.8224,1349.9999999847253,992.051282315958
COL,Colombia,Com,RC,CR/LFINF+DUH/HBET:4-6/COM6,4958.999999796,968542766.83237,1106906019.26309,691816262.01391,0.0,2789437.50001932,2767265048.00592,562.5000000270356,992.0512820189567
COL,Colombia,Com,RC,CR/LFINF+DUL/HBET:1-3/COM01,13028.399999655001,1781204639.6776,2035662445.36166,1272289028.35141,0.0,5129932.49970413,5089156113.31678,393.7499999877171,992.0512820802804
COL,Colombia,Com,RC,CR/LFINF+DUL/HBET:1-3/COM02,5257.799999675,513976239.008539,587401415.91979,367125884.990961,0.0,1035129.3748987099,1468503540.02526,196.8749999929047,1418.6666668298897
COL,Colombia,Com,RC,CR/LFINF+DUL/HBET:1-3/COM2,4157.999999578,568469565.85251,649679503.80028,406049689.90247,0.0,1637212.49987789,1624198759.62534,393.75000001059465,992.0512821313539
COL,Colombia,Com,RC,CR/LFINF+DUL/HBET:1-3/COM3,2807.100000262,191889239.827008,219301988.361119,137063742.729475,0.0,552647.81251295,548254970.90518,196.87499998623804,992.0512820130504
COL,Colombia,Com,RC,CR/LFINF+DUL/HBET:1-3/COM4,1556.100000093,106372714.21852,121568816.25002,75980510.15572,0.0,306357.18755106,303922040.61214,196.8750000210466,992.0512818439615
COL,Colombia,Com,RC,CR/LFINF+DUL/HBET:1-3/COM5,9783.8999998,1605151337.89436,1834458671.80367,1146536669.89187,0.0,4622892.74986883,4586146679.39812,472.499999996252,992.051282074032
COL,Colombia,Com,RC,CR/LFINF+DUL/HBET:1-3/COM6,25412.400000412,1737154400.601402,1985319315.006286,1240824571.868335,0.0,5003066.2500232,4963298287.55753,196.87499999772112,992.0512820581807
COL,Colombia,Com,RC,CR/LFINF+DUL/HBET:4-6/COM3,1725.300000119,336968508.91449,385106867.33308,240691792.06586,0.0,970481.25009538,962767168.19534,562.5000000164855,992.0512818776439
COL,Colombia,Com,RC,CR/LFINF+DUL/HBET:4-6/COM4,1030.499999873,201267054.09643,230019490.37928,143762181.48301,0.0,579656.24993046,575048725.95446,562.5000000018414,992.0512821580846
COL,Colombia,Com,RC,CR/LFINF+DUL/HBET:4-6/COM5,260.99999999700003,122342244.23599,139819707.6953,87387317.30412,0.0,352349.9999581,349549269.1972,1349.9999998549806,992.0512820739804
COL,Colombia,Com,RC,CR/LFINF+DUL/HBET:4-6/COM6,14095.799999834,2753052053.4634,3146345203.93995,1966465752.44331,0.0,7928887.49996269,7865863009.05571,562.5000000039774,992.0512819853634
COL,Colombia,Com,RC,CR/LFINF+DUM/HBET:1-3/COM01,5593.500000404,764726916.02994,873973618.26084,546233511.37638,0.0,2202440.6252579,2184934045.6257,393.7500000176678,992.0512819136044
COL,Colombia,Com,RC,CR/LFINF+DUM/HBET:1-3/COM3,3071.700000358,209976907.83293,239973608.93654,149983505.59011,0.0,604740.93753976,599934022.38061,196.87499998999863,992.0512820271341
COL,Colombia,Com,RC,CR/LFINF+DUM/HBET:1-3/COM4,1123.200000166,76780304.99642001,87748919.9954,54843074.99612,0.0,221130.00002293,219372300.02252,196.8749999913183,992.0512820502522
COL,Colombia,Com,RC,CR/LFINF+DUM/HBET:1-3/COM5,3503.699999761,574818706.44507,656935664.54079,410584790.34496,0.0,1655498.24992905,1642339161.42918,472.5000000119809,992.0512821439503
COL,Colombia,Com,RC,CR/LFINF+DUM/HBET:1-3/COM6,21078.899999898,1440922694.964313,1646768794.315118,1029230496.417604,0.0,4149908.43737779,4116921985.72129,196.87499999515492,992.0512820573596
COL,Colombia,Com,RC,CR/LFINF+DUM/HBET:4-6/COM3,1286.100000095,251188314.64496,287072359.62699,179420224.76317,0.0,723431.25005046,717680899.01091,562.4999999976849,992.0512819440011
COL,Colombia,Com,RC,CR/LFINF+DUM/HBET:4-6/COM4,677.700000024,132361652.1751,151270459.59868,94544037.23979001,0.0,381206.2500237,378176149.0587,562.5000000150509,992.0512820426958
COL,Colombia,Com,RC,CR/LFINF+DUM/HBET:4-6/COM5,625.499999957,293199516.3555,335085161.5334,209428225.9519,0.0,844424.999972,837712904.0383999,1350.0000000480416,992.0512823118422
COL,Colombia,Com,RC,CR/LFINF+DUM/HBET:4-6/COM6,8380.799999931,1636854853.93282,1870691261.55422,1169182038.42268,0.0,4714200.00006508,4676728153.52053,562.5000000123965,992.0512819685136
COL,Colombia,Com,RC,CR/LWAL+DUH/HBET:7-10/COM3,512.0999999950001,160029280.38898,182890606.15851,114306628.84989,0.0,460889.9999953,457226515.39584,899.9999999996094,992.0512820857527
COL,Colombia,Com,RC,CR/LWAL+DUH/HBET:7-10/COM4,179.999999973,56249307.69285,64284923.0802,40178076.92238,0.0,161999.9999773,160712307.6977,900.000000008889,992.0512822235775
COL,Colombia,Com,RC,CR/LWAL+DUH/HBET:7-10/COM5,114.299999987,85723944.9255,97970222.7745,61231389.2319,0.0,246887.9999772,244925556.9216,2160.000000046194,992.0512821369155
COL,Colombia,Com,RC,CR/LWAL+DUH/HBET:7-10/COM6,4926.599999808,1539543551.50683,1759478344.61378,1099673965.40225,0.0,4433939.999808,4398695861.60683,899.9999999961029,992.0512821096594
COL,Colombia,Com,RC,CR/LWAL+DUL/HBET:7-10/COM3,197.100000008,61592991.92085,70391990.7685,43994994.23372,0.0,177390.0000084,175979976.9229,900.0000000060884,992.0512820033077
COL,Colombia,Com,RC,CR/LWAL+DUL/HBET:7-10/COM4,65.699999987,20530997.307800002,23463996.9234,14664998.07663,0.0,59129.999990000004,58659992.3081,900.0000000258752,992.0512822259515
COL,Colombia,Com,RC,CR/LWAL+DUL/HBET:7-10/COM5,72.899999989,54674327.0763,62484945.2313,39053090.7686,0.0,157463.9999658,156212363.079,2159.9999998567905,992.0512822799379
COL,Colombia,Com,RC,CR/LWAL+DUL/HBET:7-10/COM6,2310.30000001,721959864.21168,825096987.67331,515685617.33783,0.0,2079270.0000322,2062742469.30134,900.000000010042,992.0512820698591
COL,Colombia,Com,RC,CR/LWAL+DUM/HBET:7-10/COM3,1251.899999937,391213934.97071,447101639.97611,279438525.02304,0.0,1126709.9999482,1117754100.00814,900.000000003914,992.0512821041158
COL,Colombia,Com,RC,CR/LWAL+DUM/HBET:7-10/COM4,351.899999946,109967396.5439,125677024.6151,78548140.3755,0.0,316709.9999541,314192561.5351,900.0000000076727,992.0512821844436
COL,Colombia,Com,RC,CR/LWAL+DUM/HBET:7-10/COM5,141.299999971,105973695.689,121112795.0753,75695496.9229,0.0,305207.999972,302781987.69420004,2160.000000245152,992.0512821484937
COL,Colombia,Com,RC,CR/LWAL+DUM/HBET:7-10/COM6,8441.10000053,2637811284.15896,3014641467.4457498,1884150917.3275,0.0,7596990.0007123,7536603668.7986,900.0000000278756,992.0512819013796
COL,Colombia,Com,S,SR/LFM+DUH/H:1/COM02,1733.39999992,119881943.9989,119881943.9989,59940971.998994,0.0,195007.49999858,299704860.00694,112.50000000437291,1536.8888889356685
COL,Colombia,Com,S,SR/LFM+DUH/H:1/COM2,2383.199999929,230515019.99664,230515019.99664,115257509.999047,0.0,536220.00001125,576287549.98556,225.0000000114237,1074.7222221727452
COL,Colombia,Com,S,SR/LFM+DUH/HBET:1-3/COM01,2070.899999822,350538654.37353,350538654.37353,175269327.186988,0.0,815416.87494485,876346635.92247,393.75000000721303,1074.7222222764779
COL,Colombia,Com,S,SR/LFM+DUH/HBET:1-3/COM5,888.299999919,180433716.75161,180433716.75161,90216858.38279,0.0,419721.74995723,451084291.88598,472.49999999493696,1074.7222223578976
COL,Colombia,Com,S,SR/LFM+DUL/H:1/COM02,880.199999989,60874632.0028,60874632.0028,30437316.0008,0.0,99022.49999796,152186579.98389,112.49999999908826,1536.8888887578607
COL,Colombia,Com,S,SR/LFM+DUL/H:1/COM2,1348.199999845,130404645.0022,130404645.0022,65202322.500536,0.0,303344.99997026,326011612.50312,225.0000000038088,1074.7222223378735
COL,Colombia,Com,S,SR/LFM+DUL/HBET:1-3/COM01,901.799999933,152646558.75823,152646558.75823,76323279.37847,0.0,355083.74998111,381616396.87406,393.750000008307,1074.7222222767489
COL,Colombia,Com,S,SR/LFM+DUL/HBET:1-3/COM5,489.600000055,99448776.00882,99448776.00882,49724388.00087,0.0,231336.0000224,248621940.0026,472.4999999926726,1074.7222221293973
COL,Colombia,Com,S,SR/LFM+DUM/H:1/COM02,3677.399999913,254328983.979462,254328983.979462,127164491.996182,0.0,413707.49997903,635822459.97485,112.49999999695912,1536.888888905999
COL,Colombia,Com,S,SR/LFM+DUM/H:1/COM2,4397.400000082,425338514.97265,425338514.97265,212669257.501975,0.0,989415.00003693,1063346287.5334901,225.0000000042025,1074.7222222159564
COL,Colombia,Com,S,SR/LFM+DUM/HBET:1-3/COM01,4201.199999746,711131872.4408801,711131872.4408801,355565936.226126,0.0,1654222.49997992,1777829681.32991,393.7500000190261,1074.7222222835746
COL,Colombia,Com,S,SR/LFM+DUM/HBET:1-3/COM5,1904.3999999530001,386826489.00997,386826489.00997,193413244.45156,0.0,899828.9999896,967066222.3538,472.5000000062001,1074.7222220721683
COL,Colombia,Ind,MCF,MCF/LWAL+DUH/H:2/IND3,2617.0,345541701.2576,215963563.329,302348988.7424,0.0,1046800.0,863854253.2576,400.0,825.2333332609858
COL,Colombia,Ind,MCF,MCF/LWAL+DUH/H:2/IND5,685.0,90445573.3118,56528483.33157,79139876.6882,0.0,274000.0,226113933.3118,400.0,825.2333332547446
COL,Colombia,Ind,MCF,MCF/LWAL+DUL/H:1/IND2,3549.0,289835000.0073,181146875.0073,253605624.99269998,0.0,1242150.0,724587500.106,350.0,583.3333334186692
COL,Colombia,Ind,MCF,MCF/LWAL+DUL/H:1/IND3,4781.0,315635245.33419,197272028.34522998,276180839.66581,0.0,956200.0,789088113.452,200.0,825.2333334574357
COL,Colombia,Ind,MCF,MCF/LWAL+DUL/H:1/IND5,2358.0,155672016.00370002,97295010.00679,136213013.9963,0.0,471600.0,389180040.0679,200.0,825.2333334773112
COL,Colombia,Ind,MCF,MCF/LWAL+DUL/H:2/IND2,996.0,230141071.968,143838169.968,201373438.032,0.0,697200.0,575352679.9716,700.0,825.233333292599
COL,Colombia,Ind,MCF,MCF/LWAL+DUL/H:2/IND3,9221.0,1217516250.4719,760947656.67347,1065326719.5281,0.0,3688400.0,3043790626.462,400.0,825.233333277844
COL,Colombia,Ind,MCF,MCF/LWAL+DUL/H:2/IND5,4794.0,632986975.8781,395616859.99774,553863604.1219,0.0,1917600.0,1582467439.8775,400.0,825.2333332694515
COL,Colombia,Ind,MCF,MCF/LWAL+DUM/H:2/IND3,7295.0,963212346.5584,602007716.6847,842810803.4416,0.0,2918000.0,2408030866.5485,400.0,825.2333332928375
COL,Colombia,Ind,MCF,MCF/LWAL+DUM/H:2/IND5,1442.0,190397834.6252,118998646.66438,166598105.3748,0.0,576800.0,475994586.6252,400.0,825.2333332614423
COL,Colombia,Ind,MUR,MUR/LWAL+DNO/H:1/IND2,1944.0,181404060.91565,103659463.38497,233233792.6705,0.0,680400.0,518297317.00810003,350.0,761.7538462788066
COL,Colombia,Ind,RC,CR+PC/LFM+DUH/H:1/IND3,1601.0,158543828.0,95126296.80000001,63417531.199999996,0.0,320200.0,317087656.0,200.0,990.28
COL,Colombia,Ind,RC,CR+PC/LFM+DUH/H:1/IND4,9709.0,961462852.0,576877711.2,384585140.79999995,0.0,1941800.0,1922925704.0,200.0,990.28
COL,Colombia,Ind,RC,CR+PC/LFM+DUH/H:1/IND5,1096.0,108534688.0,65120812.800000004,43413875.199999996,0.0,219200.0,217069376.0,200.0,990.28
COL,Colombia,Ind,RC,CR+PC/LFM+DUL/H:1/IND3,579.0,57337212.0,34402327.2,22934884.799999997,0.0,115800.0,114674424.0,200.0,990.28
COL,Colombia,Ind,RC,CR+PC/LFM+DUL/H:1/IND4,4392.0,434930976.0,260958585.60000002,173972390.39999998,0.0,878400.0,869861952.0,200.0,990.28
COL,Colombia,Ind,RC,CR+PC/LFM+DUL/H:1/IND5,520.0,51494560.0,30896736.0,20597824.0,0.0,104000.0,102989120.0,200.0,990.28
COL,Colombia,Ind,RC,CR+PC/LFM+DUM/H:1/IND3,3881.0,384327668.0,230596600.8,153731067.2,0.0,776200.0,768655336.0,200.0,990.28
COL,Colombia,Ind,RC,CR+PC/LFM+DUM/H:1/IND4,14486.0,1434519608.0,860711764.8000001,573807843.1999999,0.0,2897200.0,2869039216.0,200.0,990.28
COL,Colombia,Ind,RC,CR+PC/LFM+DUM/H:1/IND5,2521.0,249649588.0,149789752.8,99859835.19999999,0.0,504200.0,499299176.0,200.0,990.28
COL,Colombia,Ind,RC,CR/LFINF+DUH/HBET:1-3/IND2,469.0,142235154.25,85341092.55000001,56894061.7,0.0,287262.5,284470308.5,612.5,990.28
COL,Colombia,Ind,RC,CR/LFINF+DUH/HBET:1-3/IND3,1629.0,282304071.0,169382442.6,112921628.4,0.0,570150.0,564608142.0,350.0,990.28
COL,Colombia,Ind,RC,CR/LFINF+DUH/HBET:1-3/IND4,4958.0,859216442.0,515529865.2,343686576.8,0.0,1735300.0,1718432884.0,350.0,990.28
COL,Colombia,Ind,RC,CR/LFINF+DUH/HBET:1-3/IND5,2425.0,420250075.0,252150045.0,168100030.0,0.0,848750.0,840500150.0,350.0,990.28
COL,Colombia,Ind,RC,CR/LFINF+DUL/HBET:1-3/IND2,1656.0,502220502.0,301332301.20000005,200888200.8,0.0,1014300.0,1004441004.0,612.5,990.28
COL,Colombia,Ind,RC,CR/LFINF+DUL/HBET:1-3/IND3,14970.0,2594286030.0,1556571618.0,1037714412.0000001,0.0,5239500.0,5188572060.0,350.0,990.28
COL,Colombia,Ind,RC,CR/LFINF+DUL/HBET:1-3/IND4,45141.0,7822890159.0,4693734095.4,3129156063.6000004,0.0,15799350.0,15645780318.0,350.0,990.28
COL,Colombia,Ind,RC,CR/LFINF+DUL/HBET:1-3/IND5,8686.0,1505275114.0,903165068.4,602110045.6,0.0,3040100.0,3010550228.0,350.0,990.28
COL,Colombia,Ind,RC,CR/LFINF+DUM/HBET:1-3/IND2,944.0,286289948.0,171773968.8,114515979.2,0.0,578200.0,572579896.0,612.5,990.28
COL,Colombia,Ind,RC,CR/LFINF+DUM/HBET:1-3/IND3,3845.0,666334655.0,399800793.0,266533862.00000003,0.0,1345750.0,1332669310.0,350.0,990.28
COL,Colombia,Ind,RC,CR/LFINF+DUM/HBET:1-3/IND4,7317.0,1268028783.0,760817269.8,507211513.20000005,0.0,2560950.0,2536057566.0,350.0,990.28
COL,Colombia,Ind,RC,CR/LFINF+DUM/HBET:1-3/IND5,5376.0,931655424.0,558993254.4,372662169.6,0.0,1881600.0,1863310848.0,350.0,990.28
COL,Colombia,Ind,S,SL/LFM+DUH/H:1/IND2,166.0,23537155.0894,18306676.1788,10460957.817920001,0.0,58100.0,52304789.0894,350.0,900.2545454285714
COL,Colombia,Ind,S,SL/LFM+DUH/H:1/IND3,2964.0,240151902.54586,186784813.09012002,106734178.91508,0.0,592800.0,533670894.5724,200.0,900.2545455
COL,Colombia,Ind,S,SL/LFM+DUH/H:1/IND4,9692.0,785274034.91986,610768693.8221201,349010682.20563996,0.0,1938400.0,1745053410.9975998,200.0,900.2545455002063
COL,Colombia,Ind,S,SL/LFM+DUL/H:1/IND2,42.0,5955183.8178,4631809.635600001,2646748.36356,0.0,14700.0,13233741.8178,350.0,900.2545454285714
COL,Colombia,Ind,S,SL/LFM+DUL/H:1/IND3,1162.0,94148620.36516,73226704.72842,41843831.27558,0.0,232400.0,209219156.3742,200.0,900.2545455
COL,Colombia,Ind,S,SL/LFM+DUL/H:1/IND4,4420.0,358121258.1932,278538756.365,159165003.65131998,0.0,884000.0,795825018.2241,200.0,900.2545455023755
COL,Colombia,Ind,S,SL/LFM+DUM/H:1/IND2,294.0,41686286.7246,32422667.449300002,18527238.54492,0.0,102900.0,92636192.7246,350.0,900.2545454285714
COL,Colombia,Ind,S,SL/LFM+DUM/H:1/IND3,7847.0,635786767.66354,494500819.28968,282571896.7546,0.0,1569400.0,1412859483.7087,200.0,900.2545455006372
COL,Colombia,Ind,S,SL/LFM+DUM/H:1/IND4,14441.0,1170051830.24684,910040312.37258,520023035.70066,0.0,2888200.0,2600115178.3322997,200.0,900.2545455066477
COL,Colombia,Ind,S,SR/LFM+DUH/H:1/IND3,1856.0,150378519.2727,116961070.5448,66834897.45816,0.0,371200.0,334174487.28959996,200.0,900.2545454999998
COL,Colombia,Ind,S,SR/LFM+DUH/H:1/IND4,9591.0,777090721.10139,604403894.18678,345373653.84138,0.0,1918200.0,1726868269.1789,200.0,900.2545455004171
COL,Colombia,Ind,S,SR/LFM+DUH/H:1/IND5,1219.0,98766926.18155,76818720.3629,43896411.63866,0.0,243800.0,219482058.1929,200.0,900.2545455000001
COL,Colombia,Ind,S,SR/LFM+DUH/HBET:1-3/IND3,1089.0,154409408.9901,120096206.98030001,68626403.9989,0.0,381150.0,343132019.9901,350.0,900.2545454285715
COL,Colombia,Ind,S,SR/LFM+DUL/H:1/IND3,850.0,68869472.7279,53565145.455,30608654.547319997,0.0,170000.0,153043272.73499998,200.0,900.2545455
COL,Colombia,Ind,S,SR/LFM+DUL/H:1/IND4,4271.0,346048844.73776,269149101.45822,153799486.55866,0.0,854200.0,768997432.7677,200.0,900.254545501873
COL,Colombia,Ind,S,SR/LFM+DUL/H:1/IND5,532.0,43104187.63628,33525479.27256,19157416.72824,0.0,106400.0,95787083.64119999,200.0,900.2545455
COL,Colombia,Ind,S,SR/LFM+DUL/HBET:1-3/IND3,355.0,50335482.2695,39149819.539000005,22371325.454380002,0.0,124250.0,111856627.2695,350.0,900.2545454285714
COL,Colombia,Ind,S,SR/LFM+DUM/H:1/IND3,5305.0,429826532.73995,334309525.466,191034014.56012,0.0,1061000.0,955170072.7759,200.0,900.254545500377
COL,Colombia,Ind,S,SR/LFM+DUM/H:1/IND4,14458.0,1171429219.70075,911111615.2842001,520635208.7906,0.0,2891600.0,2603176043.785,200.0,900.2545455059482
COL,Colombia,Ind,S,SR/LFM+DUM/H:1/IND5,2815.0,228079489.09444,177395158.18628,101368661.82428,0.0,563000.0,506843309.11649996,200.0,900.2545455
COL,Colombia,Ind,S,SR/LFM+DUM/HBET:1-3/IND3,2321.0,329094800.9789,255962622.9591,146264356.00186,0.0,812350.0,731321779.9789001,350.0,900.2545454285715
COL,Colombia,Res,ADO/E,MUR+ADO/LWAL+DNO/H:1/RES,170881.0,1193974608.966232,1193974608.966232,3581923606.598334,1402501.854110042,39670053.694867276,5969872412.028947,232.15017289732197,150.4881354068185
COL,Colombia,Res,ADO/E,MUR+ADO/LWAL+DNO/H:2/RES,10442.0,144264504.5,144264504.5,432793446.5,86080.8,5379899.0,721322294.5,515.2172955372534,134.0772929937904
COL,Colombia,Res,MCF,MCF/LWAL+DNO/H:1/IL:A/RES,4906.0,144727000.0,173672400.0,260508600.0,28916.7,1024004.3,578908000.0,208.7248878923767,565.3374697742968
COL,Colombia,Res,MCF,MCF/LWAL+DNO/H:1/IL:B/RES,133863.0,3948958500.0,4738750200.0,7108125300.0,813349.0,28520050.9,15795834000.0,213.054024637129,553.8501335563886
COL,Colombia,Res,MCF,MCF/LWAL+DNO/H:1/IL:M/RES,37855.0,1116722500.0,1340067000.0,2010100500.0,223155.7,8113575.8,4466890000.0,214.3330022454101,550.5451739293543
COL,Colombia,Res,MCF,MCF/LWAL+DNO/H:1/RES,89634.573891275,1796255866.87297,2155507040.248949,3233260560.383941,401869.341206835,12835559.08602837,7185023467.549257,143.19875165131765,559.7748738011908
COL,Colombia,Res,MCF,MCF/LWAL+DNO/H:2/IL:A/RES,4306.0,254054000.0,304864800.0,457297200.0,25184.3,1806519.3,1016216000.0,419.53536925220624,562.5270651689135
COL,Colombia,Res,MCF,MCF/LWAL+DNO/H:2/IL:B/RES,115592.0,6819928000.0,8183913600.0,12275870400.0,704789.6,49939786.9,27279712000.0,432.034975603848,546.2520706110582
COL,Colombia,Res,MCF,MCF/LWAL+DNO/H:2/IL:M/RES,41408.0,2443072000.0,2931686400.0,4397529600.0,256580.7,18717665.1,9772288000.0,452.0301656684699,522.0890505194475
COL,Colombia,Res,MCF,MCF/LWAL+DNO/H:2/RES,150065.728487803,4688939883.429353,5626727860.167757,8440091790.2534275,793881.507038645,32030519.76080743,18755759533.963963,213.44326971638162,585.5590129047337
COL,Colombia,Res,MCF,MCF/LWAL+DNO/H:3/IL:A/RES,1245.0,110182500.0,132219000.0,198328500.0,7249.7,773774.4,440730000.0,621.5055421686748,569.5846231149544
COL,Colombia,Res,MCF,MCF/LWAL+DNO/H:3/IL:B/RES,25093.0,2220730500.0,2664876600.0,3997314900.0,142069.3,14500799.8,8882922000.0,577.8822699557646,612.5815211930586
COL,Colombia,Res,MCF,MCF/LWAL+DNO/H:3/IL:M/RES,10177.0,900664500.0,1080797400.0,1621196100.0,60615.0,6402524.1,3602658000.0,629.1170384199665,562.6933915016423
COL,Colombia,Res,MCF,MCF/LWAL+DNO/H:3/RES,75486.705213174,2998144702.089217,3597773642.5306783,5396660463.797921,810255.931263298,17571091.356788624,11992578808.477568,232.7706754079141,682.5175832828512
COL,Colombia,Res,MCF,MCF/LWAL+DNO/H:4/RES,17531.933496179,1596698863.4812782,1916038636.196943,2874057954.265145,470306.311524703,9175120.308099685,6386795454.003676,523.3376176164116,696.099368676996
COL,Colombia,Res,MCF,MCF/LWAL+DNO/H:5/RES,2292.54492109,402019456.83212984,482423348.1994689,723635022.2856666,78162.197647491,1965452.264995195,1608077827.3362477,857.3233383190208,818.1719067800301
COL,Colombia,Res,MCF,MCF/LWAL+DNO/H:6/RES,221.968645228,69060308.7030213,82872370.4463612,124308555.66777469,9310.915243228,268068.10123179003,276241234.810854,1207.6845401134829,1030.4890195495395
COL,Colombia,Res,MCF,MCF/LWAL+DUH/H:1/IL:A/RES,1886.0,69153335.8,82984000.0,124476000.0,9978.4,370499.7,276613335.8,196.44734888653235,746.5953030461293
COL,Colombia,Res,MCF,MCF/LWAL+DUH/H:1/IL:B/RES,43276.0,1276642000.0,1531970400.0,2297955600.0,212272.8,7687971.8,5106568000.0,177.6497781680377,664.2282428767494
COL,Colombia,Res,MCF,MCF/LWAL+DUH/H:1/IL:M/RES,29093.0,484883342.2,581860000.0,872790000.0,148276.2,5439034.3,1939533342.2,186.95336678926202,356.5951665721248
COL,Colombia,Res,MCF,MCF/LWAL+DUH/H:1/RES,5798.18237967,112416962.574385,134900355.079064,202350532.633916,22402.682295172,625166.00857674,449667850.28967,107.82103211667533,719.2775104861969
COL,Colombia,Res,MCF,MCF/LWAL+DUH/H:2/IL:A/RES,2557.0,187513331.1,225016000.0,337524000.0,14368.0,1063430.6,750053331.1,415.88994915917095,705.3147907348161
COL,Colombia,Res,MCF,MCF/LWAL+DUH/H:2/IL:B/RES,48268.0,2847812000.0,3417374400.0,5126061600.0,243421.2,17600081.0,11391248000.0,364.63248943399356,647.2270212847316
COL,Colombia,Res,MCF,MCF/LWAL+DUH/H:2/IL:M/RES,40515.0,1350499991.0,1620600000.0,2430900000.0,219427.3,16009401.0,5401999991.0,395.14750092558313,337.4267401384974
COL,Colombia,Res,MCF,MCF/LWAL+DUH/H:2/RES,109230.71471239,2300912213.5218,2761094656.1823,4141641984.1872,515142.04909445,15414066.726792,9203648853.9269,141.11476581818602,597.0941359641031
COL,Colombia,Res,MCF,MCF/LWAL+DUH/H:3/IL:A/RES,725.0,79750000.0,95700000.0,143550000.0,4083.0,454004.5,319000000.0,626.2131034482759,702.6362073503677
COL,Colombia,Res,MCF,MCF/LWAL+DUH/H:3/IL:B/RES,13307.0,1177669500.0,1413203400.0,2119805100.0,67583.5,7328774.1,4710678000.0,550.7457804163222,642.7647974577359
COL,Colombia,Res,MCF,MCF/LWAL+DUH/H:3/IL:M/RES,11174.0,558700000.0,670440000.0,1005660000.0,60851.4,6653893.9,2234800000.0,595.4800340075175,335.86348589057
COL,Colombia,Res,MCF,MCF/LWAL+DUH/H:3/RES,28215.48347849,783346418.74753,940015702.48266,1410023553.73189,222286.767011069,6143844.7102733,3133385674.9148,217.74727748177855,510.00404838933764
COL,Colombia,Res,MCF,MCF/LWAL+DUH/H:4/RES,3301.012913086,191475970.96464,229771165.15362,344656747.73887,52020.725659499,1452509.73614302,765903883.86665,440.01940446368025,527.2969019129769
COL,Colombia,Res,MCF,MCF/LWAL+DUL/H:1/IL:A/RES,563.0,16608500.0,19930200.0,29895300.0,3419.1,101745.1,66434000.0,180.71953818827708,652.945448970024
COL,Colombia,Res,MCF,MCF/LWAL+DUL/H:1/IL:B/RES,29646.0,874557000.0,1049468400.0,1574202600.0,174113.6,4950451.3,3498228000.0,166.98547190177428,706.6483009336947
COL,Colombia,Res,MCF,MCF/LWAL+DUL/H:1/IL:M/RES,7837.0,130616674.1,156740000.0,235110000.0,47154.3,1385003.4,522466674.1,176.72622176853386,377.23132961262047
COL,Colombia,Res,MCF,MCF/LWAL+DUL/H:2/IL:A/RES,593.0,43486666.2,52184000.0,78276000.0,3633.3,218499.9,173946666.2,368.4652613827993,796.094946496543
COL,Colombia,Res,MCF,MCF/LWAL+DUL/H:2/IL:B/RES,21239.0,1253101000.0,1503721200.0,2255581800.0,125682.8,7278328.6,5012404000.0,342.68697207966477,688.6751444555554
COL,Colombia,Res,MCF,MCF/LWAL+DUL/H:2/IL:M/RES,10086.0,336199994.2,403440000.0,605160000.0,61367.6,3667757.1,1344799994.2,363.6483343248067,366.65459503847734
COL,Colombia,Res,MCF,MCF/LWAL+DUL/H:3/IL:A/RES,229.0,25190000.0,30228000.0,45342000.0,1402.7,127110.2,100760000.0,555.0663755458515,792.6979896184571
COL,Colombia,Res,MCF,MCF/LWAL+DUL/H:3/IL:B/RES,6656.0,589056000.0,706867200.0,1060300800.0,39708.1,3492105.4,2356224000.0,524.6552584134615,674.7287753685786
COL,Colombia,Res,MCF,MCF/LWAL+DUL/H:3/IL:M/RES,3535.0,176750000.0,212100000.0,318150000.0,21572.7,1935720.5,707000000.0,547.5871287128713,365.23867986106467
COL,Colombia,Res,MCF,MCF/LWAL+DUM/H:1/IL:A/RES,559.0,16490500.0,19788600.0,29682900.0,4744.0,164065.0,65962000.0,293.4973166368515,402.04796879285647
COL,Colombia,Res,MCF,MCF/LWAL+DUM/H:1/IL:B/RES,17265.0,509317500.0,611181000.0,916771500.0,109622.8,3714118.0,2037270000.0,215.12412395018825,548.5205370427111
COL,Colombia,Res,MCF,MCF/LWAL+DUM/H:1/IL:M/RES,13105.0,218416669.9,262100000.0,393150000.0,90475.8,3141650.7,873666669.9,239.72916444105306,278.091600030519
COL,Colombia,Res,MCF,MCF/LWAL+DUM/H:1/RES,11636.218063716,246425105.69399536,295710126.8335717,443565190.25252295,39200.812830001,1141156.865896304,985700422.7837334,98.06939502574757,863.772941513637
COL,Colombia,Res,MCF,MCF/LWAL+DUM/H:2/IL:A/RES,331.0,24273333.0,29128000.0,43692000.0,2901.5,206150.0,97093333.0,622.809667673716,470.9839097744361
COL,Colombia,Res,MCF,MCF/LWAL+DUM/H:2/IL:B/RES,12739.0,751601000.0,901921200.0,1352881800.0,89393.9,6091588.6,3006404000.0,478.1842059816312,493.5336572138178
COL,Colombia,Res,MCF,MCF/LWAL+DUM/H:2/IL:M/RES,15687.0,522899997.5,627480000.0,941220000.0,125115.7,8738671.5,2091599997.5,557.0645438898451,239.34988258798833
COL,Colombia,Res,MCF,MCF/LWAL+DUM/H:2/RES,41803.568754534,1079731287.6748576,1295677545.2056735,1943516317.7947526,150850.114034548,4604059.677852889,4318925150.684693,110.13556533623782,938.0688898235202
COL,Colombia,Res,MCF,MCF/LWAL+DUM/H:3/IL:A/RES,83.0,9130000.0,10956000.0,16434000.0,748.1,79799.8,36520000.0,961.443373493976,457.64525725628386
COL,Colombia,Res,MCF,MCF/LWAL+DUM/H:3/IL:B/RES,3336.0,295236000.0,354283200.0,531424800.0,23779.6,2436465.6,1180944000.0,730.3553956834533,484.6955360256266
COL,Colombia,Res,MCF,MCF/LWAL+DUM/H:3/IL:M/RES,4468.0,223400000.0,268080000.0,402120000.0,36594.2,3843225.6,893600000.0,860.1668755595344,232.51302239452193
COL,Colombia,Res,MCF,MCF/LWAL+DUM/H:3/RES,28292.168062385,1360034499.811928,1632041399.7810764,2448062099.65656,291475.926062648,6848067.916402039,5440137999.242631,242.04818454711082,794.4047964554751
COL,Colombia,Res,MCF,MCF/LWAL+DUM/H:4/RES,5105.402076805,565252565.8434362,678303079.023976,1017454618.5228842,140667.959686682,2947164.022645409,2261010263.4129047,577.2638429468747,767.181685864703
COL,Colombia,Res,MCF,MCF/LWAL+DUM/H:5/RES,420.31146535199997,78777144.48253836,94532573.37926073,141798860.0697499,10498.12147783,338448.688159826,315108577.9292199,805.2330618113973,931.0379651417525
COL,Colombia,Res,MR,MR/LWAL+DUH/H:1/RES,7067.255548929,94099330.598432,112919196.713164,169378795.073636,22234.707760228,590755.7686636,376397322.37976,83.5905486328601,637.1454031354466
COL,Colombia,Res,MR,MR/LWAL+DUH/H:2/IL:A/RES,2834.0,207826664.5,249392000.0,374088000.0,15635.6,1155200.5,831306664.5,407.62191249117853,719.6211086300603
COL,Colombia,Res,MR,MR/LWAL+DUH/H:2/IL:B/RES,13233.0,780747000.0,936896400.0,1405344600.0,66643.9,4871599.6,3122988000.0,368.1402251945893,641.0600739847339
COL,Colombia,Res,MR,MR/LWAL+DUH/H:2/IL:M/RES,22278.0,742599994.5,891120000.0,1336680000.0,117873.5,8657349.2,2970399994.5,388.60531466020285,343.1073329582224
COL,Colombia,Res,MR,MR/LWAL+DUH/H:2/RES,15978.278820603,356484950.89801,427781941.08435,641672911.61175,75254.309893865,2089544.216621,1425939803.61279,130.77404894991957,682.4166687980769
COL,Colombia,Res,MR,MR/LWAL+DUH/H:3/IL:A/RES,2828.0,311080000.0,373296000.0,559944000.0,15551.1,1723110.6,1244320000.0,609.3036067892504,722.1358861120116
COL,Colombia,Res,MR,MR/LWAL+DUH/H:3/IL:B/RES,13353.0,1181740500.0,1418088600.0,2127132900.0,67319.1,7379219.7,4726962000.0,552.6263536283981,640.5774854487663
COL,Colombia,Res,MR,MR/LWAL+DUH/H:3/IL:M/RES,21858.0,1092900000.0,1311480000.0,1967220000.0,115282.5,12715560.1,4371600000.0,581.7348385030652,343.79924797807377
COL,Colombia,Res,MR,MR/LWAL+DUH/H:3/RES,8851.38988311,182898922.27123,219478706.72514,329218060.09046,54739.263810594,1352533.0183828,731595689.08491,152.80459184875244,540.9078219470503
COL,Colombia,Res,MR,MR/LWAL+DUH/H:4/IL:A/RES,219.0,32120001.2,38544000.0,57816000.0,1285.4,188479.8,128480001.2,860.6383561643835,681.6645667068832
COL,Colombia,Res,MR,MR/LWAL+DUH/H:4/IL:B/RES,1182.0,139476000.0,167371200.0,251056800.0,6286.8,907059.8,557904000.0,767.3940778341794,615.0685985642842
COL,Colombia,Res,MR,MR/LWAL+DUH/H:4/IL:M/RES,2085.0,139000004.2,166800000.0,250200000.0,12040.5,1751038.9,556000004.2,839.8268105515588,317.52578666299195
COL,Colombia,Res,MR,MR/LWAL+DUH/H:4/RES,1776.389257861,142331654.521306,170797985.43303,256196978.14706,38083.384901459,984603.77088436,569326618.1052,554.2725315001899,578.2291668392021
COL,Colombia,Res,MR,MR/LWAL+DUH/H:5/IL:A/RES,186.0,34099999.2,40920000.0,61380000.0,1116.7,206149.8,136399999.2,1108.332258064516,661.6547733735371
COL,Colombia,Res,MR,MR/LWAL+DUH/H:5/IL:B/RES,1238.0,182605000.0,219126000.0,328689000.0,6655.1,1201275.5,730420000.0,970.3356219709208,608.0370406288982
COL,Colombia,Res,MR,MR/LWAL+DUH/H:5/IL:M/RES,2014.0,167833329.7,201400000.0,302100000.0,11407.4,2077174.7,671333329.7,1031.367775571003,323.19541042936834
COL,Colombia,Res,MR,MR/LWAL+DUH/H:5/RES,1565.80652121,213108315.998716,255729979.201223,383594968.80488,71212.329270119,1690083.827836,852433264.00865,1079.3695165670679,504.373363006564
COL,Colombia,Res,MR,MR/LWAL+DUH/H:6/IL:A/RES,165.0,36300000.0,43560000.0,65340000.0,932.5,209190.2,145200000.0,1267.819393939394,694.1051731868893
COL,Colombia,Res,MR,MR/LWAL+DUH/H:6/IL:B/RES,529.0,93633000.0,112359600.0,168539400.0,2880.2,623580.1,374532000.0,1178.7903591682418,600.6157027781996
COL,Colombia,Res,MR,MR/LWAL+DUH/H:6/IL:M/RES,983.0,98300000.0,117960000.0,176940000.0,5917.3,1284209.6,393200000.0,1306.4187182095627,306.1805487203958
COL,Colombia,Res,MR,MR/LWAL+DUL/H:2/IL:A/RES,802.0,58813331.8,70576000.0,105864000.0,4884.3,291460.1,235253331.8,363.4165835411471,807.1545017654219
COL,Colombia,Res,MR,MR/LWAL+DUL/H:2/IL:B/RES,9462.0,558258000.0,669909600.0,1004864400.0,55609.9,3247859.9,2233032000.0,343.25300147960263,687.5395087084884
COL,Colombia,Res,MR,MR/LWAL+DUL/H:2/IL:M/RES,7019.0,233966663.6,280760000.0,421140000.0,42520.2,2537070.5,935866663.6,361.4575438096595,368.87688521071846
COL,Colombia,Res,MR,MR/LWAL+DUL/H:3/IL:A/RES,787.0,86570000.0,103884000.0,155826000.0,4788.1,427499.39999999997,346280000.0,543.2012706480305,810.012832766549
COL,Colombia,Res,MR,MR/LWAL+DUL/H:3/IL:B/RES,9559.0,845971500.0,1015165800.0,1522748700.0,56130.9,4913401.0,3383886000.0,514.0078460089968,688.7054404881669
COL,Colombia,Res,MR,MR/LWAL+DUL/H:3/IL:M/RES,6825.0,341250000.0,409500000.0,614250000.0,41340.1,3699585.1,1365000000.0,542.0637509157509,368.96029233115894
COL,Colombia,Res,MR,MR/LWAL+DUL/H:4/IL:A/RES,86.0,12613333.5,15136000.0,22704000.0,522.4,63080.1,50453333.5,733.4895348837209,799.8296372390025
COL,Colombia,Res,MR,MR/LWAL+DUL/H:4/IL:B/RES,529.0,62422000.0,74906400.0,112359600.0,3134.2,370500.10000000003,249688000.0,700.3782608695653,673.9215455002576
COL,Colombia,Res,MR,MR/LWAL+DUL/H:4/IL:M/RES,633.0,42200000.8,50640000.0,75960000.0,3868.8,464360.3,168800000.8,733.5865718799367,363.5108358746431
COL,Colombia,Res,MR,MR/LWAL+DUL/H:5/IL:A/RES,80.0,14666666.4,17600000.0,26400000.0,494.4,75049.7,58666666.4,938.1212499999999,781.7042093439414
COL,Colombia,Res,MR,MR/LWAL+DUL/H:5/IL:B/RES,580.0,85550000.0,102660000.0,153990000.0,3432.6,504924.7,342200000.0,870.5598275862069,677.724817185612
COL,Colombia,Res,MR,MR/LWAL+DUL/H:5/IL:M/RES,566.0,47166665.3,56600000.0,84900000.0,3442.0,517274.60000000003,188666665.3,913.9127208480566,364.73212738456516
COL,Colombia,Res,MR,MR/LWAL+DUL/H:6/IL:A/RES,99.0,21780000.0,26136000.0,39204000.0,600.2,109439.9,87120000.0,1105.4535353535352,796.0533589668851
COL,Colombia,Res,MR,MR/LWAL+DUL/H:6/IL:B/RES,562.0,99474000.0,119368800.0,179053200.0,3358.5,601920.4,397896000.0,1071.032740213523,661.0442178068728
COL,Colombia,Res,MR,MR/LWAL+DUL/H:6/IL:M/RES,620.0,62000000.0,74400000.0,111600000.0,3798.6,686279.9,248000000.0,1106.903064516129,361.3685902792723
COL,Colombia,Res,MR,MR/LWAL+DUM/H:1/RES,9212.44610102,181003237.04568833,217203884.45595342,325805826.68444896,30807.717679707,857111.410591591,724012948.2043618,93.0384179394756,844.7127634255123
COL,Colombia,Res,MR,MR/LWAL+DUM/H:2/IL:A/RES,481.0,35273332.800000004,42328000.0,63492000.0,4106.099999999999,290510.1,141093332.79999998,603.9711018711018,485.6744491843829
COL,Colombia,Res,MR,MR/LWAL+DUM/H:2/IL:B/RES,5333.0,314647000.0,377576400.0,566364600.0,38658.7,2655060.0,1258588000.0,497.8548659291206,474.0337318177367
COL,Colombia,Res,MR,MR/LWAL+DUM/H:2/IL:M/RES,8043.0,268099998.79999998,321720000.0,482580000.0,62351.299999999996,4379880.0,1072399998.8000001,544.5580007459903,244.84689050841578
COL,Colombia,Res,MR,MR/LWAL+DUM/H:2/RES,56331.502369386,1198530171.206915,1438236205.4294744,2157354308.1404963,221393.671732022,5748403.19383857,4794120684.768544,102.04597697650979,833.9917231114069
COL,Colombia,Res,MR,MR/LWAL+DUM/H:3/IL:A/RES,543.0,59730000.0,71676000.0,107514000.0,4581.5,487349.7,238920000.0,897.5132596685083,490.2434535201314
COL,Colombia,Res,MR,MR/LWAL+DUM/H:3/IL:B/RES,5337.0,472324500.0,566789400.0,850184100.0,38667.3,3985725.0,1889298000.0,746.8100056211355,474.0161451178895
COL,Colombia,Res,MR,MR/LWAL+DUM/H:3/IL:M/RES,8181.0,409050000.0,490860000.0,736290000.0,62719.8,6600885.7,1636200000.0,806.8556044493339,247.87582672428337
COL,Colombia,Res,MR,MR/LWAL+DUM/H:3/RES,67950.202934124,2928774696.3363414,3514529635.600552,5271794453.426349,688248.249753925,15254683.92722709,11715098785.26152,224.49798924097576,767.9673234233327
COL,Colombia,Res,MR,MR/LWAL+DUM/H:4/IL:A/RES,46.0,6746666.800000001,8096000.0,12144000.0,412.7,59660.0,26986666.799999997,1296.9565217391305,452.34104592691915
COL,Colombia,Res,MR,MR/LWAL+DUM/H:4/IL:B/RES,310.0,36580000.0,43896000.0,65844000.0,2502.9,346940.10000000003,146320000.0,1119.161612903226,421.74427228216047
COL,Colombia,Res,MR,MR/LWAL+DUM/H:4/IL:M/RES,1209.0,80600001.2,96720000.0,145080000.0,9862.4,1377500.0,322400001.2,1139.3713813068653,234.04718780399273
COL,Colombia,Res,MR,MR/LWAL+DUM/H:4/RES,17766.148044265,1944447955.9377618,2333337547.1312375,3500006320.726107,502451.182425767,10085638.064472172,7777791823.892564,567.6885073423592,771.1749890461305
COL,Colombia,Res,MR,MR/LWAL+DUM/H:5/IL:A/RES,38.0,6966666.5,8360000.0,12540000.0,361.2,65074.9,27866666.5,1712.4973684210527,428.22449976872804
COL,Colombia,Res,MR,MR/LWAL+DUM/H:5/IL:B/RES,327.0,48232500.0,57879000.0,86818500.0,2615.1,454100.0,192930000.0,1388.68501529052,424.86236511781544
COL,Colombia,Res,MR,MR/LWAL+DUM/H:5/IL:M/RES,1173.0,97749999.2,117300000.0,175950000.0,9565.7,1663924.7,390999999.2,1418.52063086104,234.9865947659771
COL,Colombia,Res,MR,MR/LWAL+DUM/H:5/RES,3226.71005583,773149458.7171818,927779350.4923338,1391669025.6978674,115160.921275978,3238358.336250012,3092597834.8905544,1003.6099557191282,954.9893846743821
COL,Colombia,Res,MR,MR/LWAL+DUM/H:6/IL:A/RES,27.0,5940000.0,7128000.0,10692000.0,245.5,53580.0,23760000.0,1984.4444444444443,443.44904815229563
COL,Colombia,Res,MR,MR/LWAL+DUM/H:6/IL:B/RES,286.0,50622000.0,60746400.0,91119600.0,2333.2,484500.0,202488000.0,1694.055944055944,417.93188854489165
COL,Colombia,Res,MR,MR/LWAL+DUM/H:6/IL:M/RES,652.0,65200000.0,78240000.0,117360000.0,5853.3,1238039.9,260800000.0,1898.8342024539877,210.65556933988964
COL,Colombia,Res,MR,MR/LWAL+DUM/H:6/RES,740.326107143,262384950.081828,314861940.1000773,472292910.13725007,31371.438109122002,1060866.606990746,1049539800.3473558,1432.9720332094557,989.323062325885
COL,Colombia,Res,MR,MR/LWAL+DUM/H:7/RES,3.146067768,1096724.0179603,1316068.8215298,1974103.2325927,199.526052774,6485.6045497000005,4386896.072475,2061.4955010403323,676.4051120998306
COL,Colombia,Res,MR,MR/LWAL+DUM/H:8/RES,2.502832937,883400.450637,1060080.540752,1590120.811227,169.817980408,5787.55302498,3533601.802728,2312.400855614919,610.551953040674
COL,Colombia,Res,MUR,MUR/LWAL+DNO/H:1/IL:A/RES,7681.0,53059543.7,53059543.7,159178626.7,47486.1,1337176.6,265297702.4,174.08886863689625,198.40139469984743
COL,Colombia,Res,MUR,MUR/LWAL+DNO/H:1/IL:B/RES,567006.0,3916817946.8,3916817946.8,11750453517.3,3572798.2,98794323.1,19584088788.9,174.23858495324563,198.2309122061286
COL,Colombia,Res,MUR,MUR/LWAL+DNO/H:1/IL:M/RES,225019.0,1554407627.2,1554407627.2,4663222800.6,1353824.8,38363472.0,7772037856.4,170.48992307316271,202.58953246984527
COL,Colombia,Res,MUR,MUR/LWAL+DNO/H:1/RES,1387881.407892265,10456048407.004225,10456048407.004225,31368144805.89925,8347194.840279184,222080324.4503821,52280240935.231255,160.01390550194705,235.41140380003304
COL,Colombia,Res,MUR,MUR/LWAL+DNO/H:2/IL:A/RES,7205.0,99542769.1,99542769.1,298628297.3,43795.1,2494801.5,497713797.3,346.25975017349066,199.50035996851855
COL,Colombia,Res,MUR,MUR/LWAL+DNO/H:2/IL:B/RES,433863.0,5994160027.3,5994160027.3,17982479676.5,2730049.7,153753294.9,29970798995.4,354.38213191721815,194.92784863500185
COL,Colombia,Res,MUR,MUR/LWAL+DNO/H:2/IL:M/RES,189912.0,2623784272.6,2623784272.6,7871352689.9,1163179.5,67066047.9,13118920888.6,353.1427603311007,195.6119571584298
COL,Colombia,Res,MUR,MUR/LWAL+DNO/H:2/RES,783238.44133283,11676860536.17587,11676860536.17587,35030581151.99888,4612205.181463828,221235631.1501911,58384301434.08033,282.4626824670612,263.9009870631768
COL,Colombia,Res,MUR,MUR/LWAL+DNO/H:3/IL:A/RES,2033.0,42131253.5,42131253.5,126393756.8,12009.5,1005299.8,210656246.1,494.4908017707821,209.54569582128633
COL,Colombia,Res,MUR,MUR/LWAL+DNO/H:3/IL:B/RES,85375.0,1769284574.6,1769284574.6,5307853682.3,482761.7,38665129.5,8846422662.1,452.885850658858,228.7958886081062
COL,Colombia,Res,MUR,MUR/LWAL+DNO/H:3/IL:M/RES,44527.0,922763504.2,922763504.2,2768290495.1,259194.0,21506852.3,4613817418.7,483.0069912637276,214.52778650923267
COL,Colombia,Res,MUR,MUR/LWAL+DNO/H:3/RES,164847.699822108,5034905016.527964,5034905016.527964,15104714929.721395,1606680.241193305,51157882.70509019,25174524419.19621,310.33422219597946,492.09472886748995
COL,Colombia,Res,MUR,MUR/LWAL+DNO/H:4/RES,23131.57123947,1668544125.6454434,1668544125.6454434,5005632376.937253,600660.308581369,11952496.247063432,8342720628.326657,516.7178711435122,697.9898136656058
COL,Colombia,Res,MUR,MUR/LWAL+DNO/H:5/RES,2305.654917934,287850910.33841246,287850910.33841246,863552731.0219396,71245.108345689,1864386.619466156,1439254551.6994014,808.6147692633701,771.972152488154
COL,Colombia,Res,MUR,MUR/LWAL+DNO/H:6/RES,35.08188845,2563621.6487761,2563621.6487761,7690864.9464166,537.409943753,25141.966636749,12818108.244026,716.6651439697226,509.8291803987317
COL,Colombia,Res,OT,UNK/LN+DNO/H:1/RES,12827.160282057,143191962.93086848,190922617.24503765,143191962.93086848,45965.688116549,918130.745297728,477306543.1048919,71.57708527132351,519.8677264098293
COL,Colombia,Res,OT,UNK/LN+DNO/H:2/RES,1731.943012354,22283183.21911462,29710910.95896838,22283183.21911462,8590.214753851,151225.51361976,74277277.39789453,87.31552513048292,491.1689543647814
COL,Colombia,Res,OT,UNK/RES,112993.0,1159665238.8,1546219851.4,1159665238.8,700994.1,17356891.1,3865549961.8,153.61032187834647,222.70981246174898
COL,Colombia,Res,RC,CR+PC/LWAL+DUL/H:1/RES,30933.0,686834552.7,1717086821.1,1030251972.5,209893.5,9693371.2,3434173421.3,313.3666698994601,354.2806058329841
COL,Colombia,Res,RC,CR+PC/LWAL+DUL/H:2/RES,6742.0,299398038.7,748495032.4,449097002.7,44615.2,4210750.6,1496990145.5,624.5551171759122,355.51622209588953
COL,Colombia,Res,RC,CR/LDUAL+DUH/H:11/RES,0.27795815,802882.118249,2007205.29588,1204323.17745,168.41938280099998,3335.4978086,4014410.5915599996,12000.00003093991,1203.5416666170613
COL,Colombia,Res,RC,CR/LDUAL+DUH/H:12/RES,0.303227074,875871.401739,2189678.50451,1313807.10277,183.730235785,3638.724882,4379357.00901,11999.99998021285,1203.541666662888
COL,Colombia,Res,RC,CR/LDUAL+DUH/H:13/RES,0.328495996,948860.685258,2372151.71323,1423291.0278699999,199.041088762,3941.9519556,4744303.42684,12000.000010959036,1203.5416667369998
COL,Colombia,Res,RC,CR/LDUAL+DUH/H:14/RES,0.353764918,1021849.968768,2554624.92186,1532774.95318,214.351941737,4245.179029,5109249.84379,12000.000036747568,1203.541666649932
COL,Colombia,Res,RC,CR/LDUAL+DUH/H:15/RES,0.379033842,1094839.25232,2737098.13058,1642258.87828,229.662794729,4548.406103,5474196.26074,11999.999997361714,1203.5416664157087
COL,Colombia,Res,RC,CR/LDUAL+DUH/H:16/RES,0.40430276600000004,1167828.53586,2919571.33941,1751742.8035900001,244.973647705,4851.633176,5839142.67879,11999.999960425697,1203.5416666855606
COL,Colombia,Res,RC,CR/LDUAL+DUH/H:17/RES,0.42957168900000003,1240817.81915,3102044.54813,1861226.72866,260.284500695,5154.860249,6204089.09584,11999.999955769897,1203.5416667296734
COL,Colombia,Res,RC,CR/LDUAL+DUH/H:18/RES,0.454840612,1313807.10277,3284517.75675,1970710.65416,275.59535367899997,5458.087323,6569035.514090001,11999.99995382998,1203.5416667682364
COL,Colombia,Res,RC,CR/LDUAL+DUH/H:19/RES,0.480109533,1386796.38617,3466990.96548,2080194.57933,290.906206652,5761.314397,6933981.93124,12000.00000208286,1203.5416666118108
COL,Colombia,Res,RC,CR/LDUAL+DUH/H:20/RES,0.505378455,1459785.66978,3649464.1741,2189678.50451,306.217059642,6064.54147,7298928.347689999,12000.000019787152,1203.5416665540583
COL,Colombia,Res,RC,CR/LDUAL+DUM/H:10/RES,366.13186677,376829664.6011411,942074161.5094811,565244496.892638,42525.544497859,1423440.15758581,1884148322.9975271,3887.780023474437,1323.6582605573597
COL,Colombia,Res,RC,CR/LDUAL+DUM/H:11/RES,162.662486673,312942917.19569516,782357292.9733077,469414375.7997723,23760.57413108,1082611.43565367,1564714585.8839433,6655.56919604974,1445.3150358043135
COL,Colombia,Res,RC,CR/LDUAL+DUM/H:12/RES,393.652720565,485865617.803241,1214664044.530907,728798426.6680499,65028.324965304004,1683106.03090946,2429328088.859718,4275.6113268917325,1443.3600998666968
COL,Colombia,Res,RC,CR/LDUAL+DUM/H:13/RES,74.036753682,186499877.0458298,466249692.6006,279749815.5680491,13384.496208989,681496.65703385,932499385.225482,9204.84250242778,1368.3110189917845
COL,Colombia,Res,RC,CR/LDUAL+DUM/H:14/RES,84.12056748,140859609.0203354,352149022.561817,211289413.537436,18419.074481476,515392.54187806,704298045.078524,6126.831491009575,1366.5274288062135
COL,Colombia,Res,RC,CR/LDUAL+DUM/H:15/RES,53.146114076,123099889.36142778,307749723.37796247,184649834.04643568,8341.557103622,477235.62792346,615499446.8137589,8979.68997772826,1289.7181408938602
COL,Colombia,Res,RC,CR/LDUAL+DUM/H:16/RES,75.12946864,192790032.1183154,481975080.325385,289185048.182736,14845.179303367,725675.36808364,963950160.638696,9658.997743759897,1328.3490153238781
COL,Colombia,Res,RC,CR/LDUAL+DUM/H:17/RES,66.439365402,179005244.7609153,447513111.902519,268507867.137561,12299.354782102,656982.86828286,895026223.77057,9888.457909067913,1362.3281016594512
COL,Colombia,Res,RC,CR/LDUAL+DUM/H:18/RES,48.006820757,128590318.3018385,321475795.7262417,192885477.4410852,8060.69526923,476954.98429784,642951591.5120144,9935.150396900506,1348.034117849822
COL,Colombia,Res,RC,CR/LDUAL+DUM/H:19/RES,40.732461955,120943643.38275039,302359108.431234,181415465.0640642,7342.583318216,432641.6574536,604718216.906187,10621.54450500855,1397.7346066612688
COL,Colombia,Res,RC,CR/LDUAL+DUM/H:20/RES,56.623207042,130091485.23063844,325228713.0778994,195137227.85322464,9859.833474605999,503803.36576979,650457426.1989918,8897.471409489333,1291.0938481030603
COL,Colombia,Res,RC,CR/LDUAL+DUM/H:21/RES,25.419410381,103021253.25957,257553133.15870002,154531879.89411,8319.950505975,418234.24796893,515106266.31087,16453.341824228286,1231.6214389720099
COL,Colombia,Res,RC,CR/LDUAL+DUM/H:22/RES,18.548066331,87222200.401305,218055500.99676,130833300.59135,5423.22456367,335634.01769687,436111002.01816005,18095.364320318055,1299.364721760821
COL,Colombia,Res,RC,CR/LDUAL+DUM/H:23/RES,14.444416369,69178327.040279,172945817.609062,103767490.564707,4145.292873544,260836.54626458,345891635.19491,18057.94984035329,1326.0857811085039
COL,Colombia,Res,RC,CR/LDUAL+DUM/H:24/RES,20.525781992,93282958.10909,233207395.28779,139924437.16605,5989.529496715,359853.65691193,466414790.56318,17531.78792662732,1296.1235257846208
COL,Colombia,Res,RC,CR/LDUAL+DUM/H:25/RES,17.695108363,91483953.810757,228709884.527765,137225930.714457,5063.075736399,341024.43693609,457419769.03534997,19272.243489006432,1341.3108255379163
COL,Colombia,Res,RC,CR/LDUAL+DUM/H:26/RES,31.918443451999998,91633133.31836,229082833.32472,137449699.99824,7291.076137897,430754.36407310003,458165666.6397,13495.468998069487,1063.6355771475091
COL,Colombia,Res,RC,CR/LDUAL+DUM/H:27/RES,13.372523006,55158151.948216,137895379.88735,82737227.92917,3603.252834985,221129.14085906,275790759.77593,16536.082290517916,1247.193195363199
COL,Colombia,Res,RC,CR/LDUAL+DUM/H:28/RES,6.915942471,36710857.13604,91777142.85245,55066285.70954,2462.647647179,133445.09551400002,183554285.69025,19295.287095513493,1375.5041725830451
COL,Colombia,Res,RC,CR/LDUAL+DUM/H:29/RES,6.356402666999999,17581541.29913,43953853.24607,26372311.94699,894.898588026,85346.1065757,87907706.4946,13426.79358857868,1030.0142563226118
COL,Colombia,Res,RC,CR/LDUAL+DUM/H:30/RES,4.879655415,19943887.2431905,49859718.1071713,29915830.866380803,977.53029922,81507.5449346,99719436.2097027,16703.545230683056,1223.4381036714522
COL,Colombia,Res,RC,CR/LDUAL+DUM/H:31/RES,6.383988306,13621098.19319,34052745.48381,20431647.29077,1611.364608926,73097.90474679999,68105490.9714,11450.194023397384,931.7023683142087
COL,Colombia,Res,RC,CR/LDUAL+DUM/H:32/RES,4.669204534,8966855.3835,22417138.4601,13450283.0753,1181.07071485,51496.930791,44834276.9198,11029.058679270098,870.6203696247385
COL,Colombia,Res,RC,CR/LDUAL+DUM/H:33/RES,5.236074802,6094556.39906,15236391.0001,9141834.6011,1945.2911069949998,43766.2466346,30472782.0022,8358.598432910623,696.2621733733349
COL,Colombia,Res,RC,CR/LDUAL+DUM/H:34/RES,0.8399748370000001,1683124.0664,4207810.167,2524686.1006,95.949496599,9703.04721,8415620.3341,11551.592717532798,867.3172614708942
COL,Colombia,Res,RC,CR/LDUAL+DUM/H:35/RES,1.08442258,2532217.11816,6330542.7954,3798325.6772000003,62.723980661,13883.662250100002,12661085.590699999,12802.815531653723,911.9413424659479
COL,Colombia,Res,RC,CR/LDUAL+DUM/H:36/RES,1.190860072,2913510.0226000003,7283775.057,4370265.0344,270.074414149,15719.352952399999,14567550.117999999,13200.000001679457,926.7270836218393
COL,Colombia,Res,RC,CR/LDUAL+DUM/H:37/RES,0.085802828,209921.7231,524804.3078,314882.5847,20.32989213,1132.597325,1049608.616,13199.999946388712,926.7270836967587
COL,Colombia,Res,RC,CR/LDUAL+DUM/H:39/RES,2.932997697,7175753.38,17939383.45,10763630.07,96.76039409,38715.56961,35878766.9,13200.000003273102,926.7270832231984
COL,Colombia,Res,RC,CR/LDUAL+DUM/H:4/RES,1.9083083410000001,1334932.5903921,3337331.4759299997,2002398.8855121,64.453174841,4921.9367772000005,6674662.951822001,2579.2146224235366,1356.104975330279
COL,Colombia,Res,RC,CR/LDUAL+DUM/H:5/RES,25.66444947,14197846.868744753,35494617.17100974,21296770.30333044,1387.140422055,62865.28946288,70989234.34135647,2449.5085911102537,1129.2278290275497
COL,Colombia,Res,RC,CR/LDUAL+DUM/H:6/RES,19.418461494,15507396.4862475,38768491.2170342,23261094.7300747,1211.351129338,63390.7888936,77536982.436323,3264.4599013771904,1223.1585028302309
COL,Colombia,Res,RC,CR/LDUAL+DUM/H:7/RES,15.571912756,17205130.6496488,43012826.627301,25807695.975103598,1040.3321880830001,66081.72353668,86025653.2541159,4243.648456816463,1301.8070451259584
COL,Colombia,Res,RC,CR/LDUAL+DUM/H:8/RES,13.665897598,19526610.7189719,48816526.798118204,29289916.079046,1244.959749274,74973.78397299,97633053.594689,5486.195358580939,1302.2292382876421
COL,Colombia,Res,RC,CR/LDUAL+DUM/H:9/RES,12.932512432,19212231.790079,48030579.474507,28818347.684018,1145.283989567,72672.18287808,96061158.94916101,5619.339881573292,1321.8422117623743
COL,Colombia,Res,RC,CR/LFINF+DNO/H:1/RES,5724.772866862,126514122.71811795,316285306.7957788,189771184.08181936,21426.086269136,641378.43643519,632570613.6127275,112.03561282716143,986.2673543073622
COL,Colombia,Res,RC,CR/LFINF+DNO/H:2/RES,20264.934274953,569411335.2795318,1423528338.201464,854117002.9250665,87840.027637559,2767499.022565148,2847056676.4144535,136.56590172047655,1028.7471298817534
COL,Colombia,Res,RC,CR/LFINF+DNO/H:3/IL:A/RES,740.0,49292759.8,123231907.0,73939147.5,4200.6,589499.9,246463814.1,796.6214864864866,418.08966227135915
COL,Colombia,Res,RC,CR/LFINF+DNO/H:3/IL:B/RES,31029.0,2066898762.9,5167247091.7,3100348348.9,189969.3,26154377.1,10334494202.6,842.9010635212221,395.13440381648394
COL,Colombia,Res,RC,CR/LFINF+DNO/H:3/IL:M/RES,11612.0,773496679.9,1933741765.4,1160245092.3,69872.3,9881997.5,3867483539.5,851.0159748535997,391.36657740502363
COL,Colombia,Res,RC,CR/LFINF+DNO/H:3/RES,36191.62890233,1385163692.6768537,3462909231.6986313,2077745539.0288892,320079.593053518,7823052.34928413,6925818463.495133,216.15640374728991,885.308975866549
COL,Colombia,Res,RC,CR/LFINF+DNO/H:4/IL:A/RES,11.0,976973.8,2442434.4,1465460.7000000002,73.6,13000.0,4884868.0,1181.8181818181818,375.7590769230769
COL,Colombia,Res,RC,CR/LFINF+DNO/H:4/IL:B/RES,25433.0,2258851990.9,5647129943.1,3388277983.3,155401.6,27571998.6,11294259823.6,1084.103275272284,409.627897761463
COL,Colombia,Res,RC,CR/LFINF+DNO/H:4/IL:M/RES,2915.0,258898029.0,647245068.3,388347044.0,20053.4,3653999.2,1294490121.9,1253.5160205831905,354.2666681207812
COL,Colombia,Res,RC,CR/LFINF+DNO/H:4/RES,9999.608126805,1518502430.3882902,3796256075.966815,2277753645.5720344,320992.950927712,8161699.34417906,7592512151.946331,816.2019191832895,930.261190932171
COL,Colombia,Res,RC,CR/LFINF+DNO/H:5/IL:A/RES,5.0,555098.6,1387746.5999999999,832648.0,32.300000000000004,6875.0,2775493.5,1375.0,403.70814545454544
COL,Colombia,Res,RC,CR/LFINF+DNO/H:5/IL:B/RES,23672.0,2628059186.0,6570147999.9,3942088803.8,142589.0,31394999.8,13140296072.5,1326.2504139912132,418.5474169838982
COL,Colombia,Res,RC,CR/LFINF+DNO/H:5/IL:M/RES,2676.0,297088811.4,742722034.4,445633221.9,18319.5,4136874.3,1485444082.0,1545.9171524663677,359.07401924201565
COL,Colombia,Res,RC,CR/LFINF+DNO/H:5/RES,5180.642787249,1450301916.3600783,3625754790.879202,2175452874.5534043,237861.113191519,7384581.51834088,7251509581.964443,1425.4180073014077,981.9797593071551
COL,Colombia,Res,RC,CR/LFINF+DNO/H:6/RES,400.098647631,179076102.4817457,447690256.207249,268614153.719794,17216.104860268,1009740.94069499,895380512.390358,2523.7299517849065,886.7428033313977
COL,Colombia,Res,RC,CR/LFINF+DNO/H:7/RES,44.084951606,68820522.5962307,172051306.496488,103230783.899194,2937.441229804,264326.89415355,344102612.990089,5995.853109149719,1301.8070449925408
COL,Colombia,Res,RC,CR/LFINF+DNO/H:8/RES,38.950192012,78106442.8742937,195266107.189719,117159664.309158,3541.795529905,299895.13589994,390532214.37987,7699.4520542426735,1302.2292382567055
COL,Colombia,Res,RC,CR/LFINF+DNO/H:9/RES,37.034666114,76848927.156501,192122317.90079,115273390.737692,3278.8278085800002,290688.7315327,384244635.78548,7849.098210792636,1321.8422116312952
COL,Colombia,Res,RC,CR/LFINF+DNO/HBET:6-10/IL:B/RES,12542.0,2227855266.9,5569638150.7,3341782897.5,77886.8,27142000.2,11139276318.2,2164.0886780417795,410.4073478785105
COL,Colombia,Res,RC,CR/LFINF+DNO/HBET:6-10/IL:M/RES,1983.0,352243423.0,880608549.1,528365132.4,13554.2,4903999.7,1761217106.9,2473.020524457892,359.1389100003412
COL,Colombia,Res,RC,CR/LFINF+DUH/H:1/RES,97.032663517,7006971.21439,17517428.0359,10510456.82218,979.894590935,24258.1658796,35034856.073,250.00000000360703,1444.2500000572054
COL,Colombia,Res,RC,CR/LFINF+DUH/H:10/RES,16.683778489,25281244.903003,63203112.26009,37921867.35646,2408.1288883019997,112371.9806136,126406224.52097,6735.403535097846,1124.8909544064002
COL,Colombia,Res,RC,CR/LFINF+DUH/H:11/RES,5.405997068,11482945.509879,28707363.77545,17224418.26455,861.793332592,56153.8190379,57414727.54814,10387.319551150746,1022.4545459568648
COL,Colombia,Res,RC,CR/LFINF+DUH/H:12/RES,5.89745135,12526849.647224,31317124.11757,18790274.471189998,940.1381809970001,61258.71167515,62634248.23702,10387.319545272721,1022.454546043416
COL,Colombia,Res,RC,CR/LFINF+DUH/H:13/RES,6.388905631,13570753.784109,33926884.46092,20356130.676102,1018.483029401,66363.60431765,67853768.91952,10387.319542746583,1022.4545459396287
COL,Colombia,Res,RC,CR/LFINF+DUH/H:14/RES,4.196138808,9063087.544085,22657718.861276,13594631.316096,699.252299524,43899.9411419,45315437.71892,10461.984970135909,1032.2437010210244
COL,Colombia,Res,RC,CR/LFINF+DUH/H:15/RES,3.057887425,6736395.380659,16840988.451479,10104593.07077,536.211975358,32266.7820345,33681976.90254,10551.984932702353,1043.8591882675767
COL,Colombia,Res,RC,CR/LFINF+DUH/H:16/RES,3.26174658,7185488.405712,17963721.014913,10778232.609072,571.959440407,34417.90083785,35927442.02962,10551.984954591413,1043.8591882428207
COL,Colombia,Res,RC,CR/LFINF+DUH/H:17/RES,3.46560574,7634581.431325,19086453.579188,11451872.146893,607.706905407,36569.01964095,38172907.15766,10551.984958609284,1043.859188254365
COL,Colombia,Res,RC,CR/LFINF+DUH/H:18/RES,3.6694649029999997,8083674.456756,20209186.142022,12125511.684983,643.454370469,38720.13844175,40418372.28307,10551.984952927074,1043.8591882587093
COL,Colombia,Res,RC,CR/LFINF+DUH/H:19/RES,3.873324065,8532767.482029,21331918.705317,12799151.222724,679.201835478,40871.2572435,42663837.41089,10551.984950812526,1043.8591882972987
COL,Colombia,Res,RC,CR/LFINF+DUH/H:2/RES,284.629146326,30830673.3428,77076683.3569,46246010.0159,4311.53619894,106735.92988499999,154153366.72100002,375.00000004479506,1444.2499998556136
COL,Colombia,Res,RC,CR/LFINF+DUH/H:20/RES,4.077183228,8981860.507542,22454651.268812,13472790.761125,714.949300483,43022.3760477,44909302.536189996,10551.984946922283,1043.8591882140101
COL,Colombia,Res,RC,CR/LFINF+DUH/H:3/IL:A/RES,416.0,70815790.7,177039475.4,106223684.7,2258.2,406350.4,354078946.2,976.8038461538462,871.3635970334961
COL,Colombia,Res,RC,CR/LFINF+DUH/H:3/IL:B/RES,2879.0,191775483.5,479438729.2,287663248.5,14548.1,2090250.3,958877462.9,726.0334491142758,458.73810562304425
COL,Colombia,Res,RC,CR/LFINF+DUH/H:3/IL:M/RES,2799.0,293342563.9,733356418.2,440013841.4,14913.4,2630699.0,1466712833.9,939.8710253662022,557.5373062064493
COL,Colombia,Res,RC,CR/LFINF+DUH/H:3/RES,3315.542330669,71857304.872995,179643262.183452,107785957.309639,21929.809325431,539267.48898502,359286524.36837,162.64834986323586,666.2491837670385
COL,Colombia,Res,RC,CR/LFINF+DUH/H:4/IL:A/RES,1248.0,283263159.09999996,708157893.2,424894736.1,7241.900000000001,1698599.7,1416315788.0,1361.057451923077,833.8137514094699
COL,Colombia,Res,RC,CR/LFINF+DUH/H:4/IL:B/RES,2141.0,190154608.3,475386514.5,285231913.1,11515.5,2179500.4,950773017.5,1017.9824381130312,436.23438541236334
COL,Colombia,Res,RC,CR/LFINF+DUH/H:4/IL:M/RES,4734.0,661514203.8,1653785523.1,992271321.7,27062.0,6218999.9,3307571049.2,1313.6881918039714,531.8493491533903
COL,Colombia,Res,RC,CR/LFINF+DUH/H:4/RES,372.252651873,78486263.248658,196215658.12188,117729394.878906,19674.835118091,531729.05699912,392431316.24844,1428.4090504760943,738.0287217388036
COL,Colombia,Res,RC,CR/LFINF+DUH/H:5/IL:A/RES,1340.0,380180919.8,950452304.9,570271383.6,8018.900000000001,2333250.0,1900904604.5,1741.2313432835822,814.702498446373
COL,Colombia,Res,RC,CR/LFINF+DUH/H:5/IL:B/RES,2093.0,232364303.70000002,580910767.0,348546460.3,11367.1,2677500.1,1161821551.5,1279.2642618251314,433.92026446609657
COL,Colombia,Res,RC,CR/LFINF+DUH/H:5/IL:M/RES,4676.0,816761850.5,2041904604.0,1225142767.9,26767.1,7692751.5,4083809214.6,1645.1564371257484,530.8645696666531
COL,Colombia,Res,RC,CR/LFINF+DUH/H:5/RES,903.024130978,173605756.297385,434014390.7488,260408634.444362,58521.222302128,1396696.9265012,868028781.49366,1546.688375856068,621.4868558980208
COL,Colombia,Res,RC,CR/LFINF+DUH/H:6/RES,60.061602552,60674987.769099995,151687469.42816,91012481.6548,5779.509331847999,269692.7534651,303374938.85682,4490.26902390102,1124.8909544619212
COL,Colombia,Res,RC,CR/LFINF+DUH/H:7/RES,43.989362783,55340066.16821,138350165.41939,83010099.25324,5541.564339648,237785.2005566,276700330.8542,5405.5159136902475,1163.65665401593
COL,Colombia,Res,RC,CR/LFINF+DUH/H:8/RES,33.710952273,49231847.47938,123079618.69775,73847771.21967,4373.427206532,223238.1831375,246159237.38904,6622.12628494323,1102.6753305791874
COL,Colombia,Res,RC,CR/LFINF+DUH/H:9/RES,18.047671373,30635963.029719,76589907.57572,45953944.54428,3269.697414199,128425.2191719,153179815.1469,7115.888610650845,1192.754944352989
COL,Colombia,Res,RC,CR/LFINF+DUH/HBET:6-10/IL:A/RES,1020.0,463026315.8,1157565788.3,694539475.3,6134.8,2864399.7,2315131577.8,2808.235,808.2431993691383
COL,Colombia,Res,RC,CR/LFINF+DUH/HBET:6-10/IL:B/RES,948.0,168394738.5,420986839.8,252592106.1,5178.0,1970000.0,841973684.8000001,2078.059071729958,427.3978095431472
COL,Colombia,Res,RC,CR/LFINF+DUH/HBET:6-10/IL:M/RES,2488.0,441947369.6,1104868417.7,662921053.9,14827.1,5658998.8,2209736843.1,2274.5172025723473,390.4819423358068
COL,Colombia,Res,RC,CR/LFINF+DUL/H:3/IL:A/RES,141.0,24002467.6,60006168.6,36003701.0,856.1,119249.7,120012334.8,845.7425531914894,1006.3952764661043
COL,Colombia,Res,RC,CR/LFINF+DUL/H:3/IL:B/RES,1352.0,90059204.8,225148024.4,135088820.9,7885.9,902625.4,450296050.4,667.6223372781066,498.8736749486553
COL,Colombia,Res,RC,CR/LFINF+DUL/H:3/IL:M/RES,909.0,95265590.4,238163982.4,142898384.4,5460.6,761400.8,476327963.4,837.6246424642464,625.5942512800091
COL,Colombia,Res,RC,CR/LFINF+DUL/H:4/IL:A/RES,534.0,121203948.0,303009868.09999996,181805920.6,3266.9,622200.2000000001,606019736.1999999,1165.168913857678,973.9947627789253
COL,Colombia,Res,RC,CR/LFINF+DUL/H:4/IL:B/RES,1051.0,93345395.8,233363487.3,140018093.3,6218.8,963999.9,466726971.4,917.2215984776403,484.15665955981945
COL,Colombia,Res,RC,CR/LFINF+DUL/H:4/IL:M/RES,1468.0,205133681.7,512834209.5,307700528.7,8956.7,1699200.6,1025668419.9,1157.4935967302454,603.6182072322714
COL,Colombia,Res,RC,CR/LFINF+DUL/H:5/IL:A/RES,498.0,141291118.2,353227796.7,211936678.20000002,3047.9,729000.6,706455591.9,1463.856626506024,969.0740884163881
COL,Colombia,Res,RC,CR/LFINF+DUL/H:5/IL:B/RES,1075.0,119346215.8,298365541.1,179019325.0,6364.5,1234999.9,596731086.7,1148.8371162790697,483.1831052779843
COL,Colombia,Res,RC,CR/LFINF+DUL/H:5/IL:M/RES,1373.0,239823357.9,599558387.2,359735034.6,8376.9,1986749.9000000001,1199116778.0,1447.0137654770576,603.556984198162
COL,Colombia,Res,RC,CR/LFINF+DUL/HBET:6-10/IL:A/RES,597.0,271006579.3,677516446.9,406509869.0,3654.0,1394400.1,1355032894.4,2335.678559463987,971.7676400051894
COL,Colombia,Res,RC,CR/LFINF+DUL/HBET:6-10/IL:B/RES,1089.0,193440790.0,483601972.6,290161184.6,6485.9,2033999.4,967203947.6,1867.7680440771348,475.5183052659701
COL,Colombia,Res,RC,CR/LFINF+DUL/HBET:6-10/IL:M/RES,1495.0,417813158.5,1044532894.3000001,626719736.6,9165.1,3477599.9,2089065789.1,2326.153779264214,600.7205685449899
COL,Colombia,Res,RC,CR/LFINF+DUM/H:1/RES,3535.760829071,86738763.9254995,216846909.8175103,130108145.8862568,9090.095649156,367702.52023667,433693819.6308799,103.99530341911775,1179.4692605091063
COL,Colombia,Res,RC,CR/LFINF+DUM/H:10/RES,206.0,189566133.7439,473915334.3478,284349200.6106,29307.6998216,572760.706063,947830668.742,2780.3917770048542,1654.8458347590358
COL,Colombia,Res,RC,CR/LFINF+DUM/H:2/RES,15105.233666211,407359463.031788,1018398657.6015112,611039194.5504847,56822.502537997,1851370.123274443,2036797315.1721802,122.56481191785768,1100.1567377406845
COL,Colombia,Res,RC,CR/LFINF+DUM/H:3/IL:A/RES,29.0,4936677.9,12341694.5,7405016.6,223.9,37350.0,24683387.900000002,1287.9310344827586,660.8671459170014
COL,Colombia,Res,RC,CR/LFINF+DUM/H:3/IL:B/RES,676.0,45029603.1,112574012.1,67544409.6,4834.4,664875.2,225148024.9,983.5431952662722,338.6320092853516
COL,Colombia,Res,RC,CR/LFINF+DUM/H:3/IL:M/RES,1038.0,108785131.2,271962830.0,163177694.70000002,7641.6,1263600.1,543925659.7,1217.3411368015416,430.45711985936055
COL,Colombia,Res,RC,CR/LFINF+DUM/H:3/RES,19411.77756892,817682539.7352175,2044206349.3468268,1226523809.6164937,178632.939882101,4292491.85707211,4088412698.648912,221.1282218659241,952.4567162341923
COL,Colombia,Res,RC,CR/LFINF+DUM/H:4/IL:A/RES,247.0,56062500.300000004,140156249.79999998,84093749.7,2300.8,521399.9,280312499.8,2110.9307692307693,537.615177524967
COL,Colombia,Res,RC,CR/LFINF+DUM/H:4/IL:B/RES,676.0,60039474.2,150098684.4,90059211.3,5505.0,1004499.9,300197366.9,1485.9465976331362,298.8525602640677
COL,Colombia,Res,RC,CR/LFINF+DUM/H:4/IL:M/RES,2743.0,383298156.8,958245394.0,574947238.1,22780.3,5029199.8,1916490788.1,1833.4669340138535,381.0727082467473
COL,Colombia,Res,RC,CR/LFINF+DUM/H:4/RES,6193.149923599,808112567.4305899,2020281418.5775502,1212168851.1347702,185024.932004635,4185109.957298945,4040562837.184036,675.7643539923976,965.4615717174132
COL,Colombia,Res,RC,CR/LFINF+DUM/H:5/IL:A/RES,241.0,68375822.2,170939556.5,102563734.3,2291.2,651000.0,341879111.7,2701.244813278008,525.1599258064516
COL,Colombia,Res,RC,CR/LFINF+DUM/H:5/IL:B/RES,662.0,73495064.8,183737663.8,110242598.1,5308.7,1211249.8,367475329.6,1829.6824773413898,303.3852551306923
COL,Colombia,Res,RC,CR/LFINF+DUM/H:5/IL:M/RES,2676.0,467419739.2,1168549340.7,701129606.8,22118.7,6107999.5,2337098686.0,2282.511023916293,382.6291547666302
COL,Colombia,Res,RC,CR/LFINF+DUM/H:5/RES,2613.250828879,703848679.3186312,1759621698.3297558,1055773018.9702958,99886.665115909,3017216.40384111,3519243396.5928597,1154.5835441810223,1166.387466312538
COL,Colombia,Res,RC,CR/LFINF+DUM/H:6/RES,2387.789079156,1061080999.7099977,2652702499.371265,1591621499.6110125,102845.00925193,3793389.312556455,5305404998.557113,1588.6618067192458,1398.5922776224818
COL,Colombia,Res,RC,CR/LFINF+DUM/H:7/RES,939.643462403,832484156.0998726,2081210390.2532759,1248726234.125817,65627.472776798,2723339.803654225,4162420780.544146,2898.2693038588104,1528.425051827516
COL,Colombia,Res,RC,CR/LFINF+DUM/H:8/RES,674.131796407,528963339.4316053,1322408348.55348,793445009.1303184,55210.766480328,1799357.44124111,2644816697.188413,2669.147859263364,1469.8673185046248
COL,Colombia,Res,RC,CR/LFINF+DUM/H:9/RES,511.208761418,469969486.849327,1174923717.142423,704954230.274797,44624.937681452,1556249.9871419999,2349847434.277133,3044.2553113237846,1509.9421389185345
COL,Colombia,Res,RC,CR/LFINF+DUM/HBET:6-10/IL:A/RES,226.0,102592105.4,256480263.0,153888158.2,2041.7,929999.9,512960526.2,4115.043805309735,551.5705175882276
COL,Colombia,Res,RC,CR/LFINF+DUM/HBET:6-10/IL:B/RES,536.0,95210526.5,238026315.3,142815789.5,4418.4,1618000.2,476052632.0,3018.6570895522386,294.22285114674276
COL,Colombia,Res,RC,CR/LFINF+DUM/HBET:6-10/IL:M/RES,1648.0,460572632.3,1151431578.7,690858947.5,14722.7,6541200.0,2302863157.4,3969.1747572815534,352.0551515624045
COL,Colombia,Res,RC,CR/LWAL+DUH/H:10/RES,25.042929177,21067704.086106,52669260.21708,31601556.130384,5276.46673721,112371.98060978,105338520.43257,4487.173996921454,937.4091286898803
COL,Colombia,Res,RC,CR/LWAL+DUH/H:11/RES,18.939410061,21525067.484225,53812668.709708996,32287601.226179,4308.252765278,127690.07994274,107625337.41971,6742.030482020092,842.8637327815314
COL,Colombia,Res,RC,CR/LWAL+DUH/H:12/RES,20.661174613,23481891.79991,58704729.503829,35222837.702239,4699.912107331,139298.2690228,117409459.00439,6742.030481420626,842.8637328233613
COL,Colombia,Res,RC,CR/LWAL+DUH/H:13/RES,22.382939164,25438716.11822,63596790.295388,38158074.176519,5091.571449706,150906.45811928,127193580.59020999,6742.030481948193,842.8637327745987
COL,Colombia,Res,RC,CR/LWAL+DUH/H:14/RES,14.525713769,16600820.255009,41502050.639268,24901230.383139,3347.098993141,98188.01696456,83004101.27926,6759.600149502299,845.3587702990225
COL,Colombia,Res,RC,CR/LWAL+DUH/H:15/RES,10.431662996,12003707.320981,30009268.30378,18005560.981294,2441.821171632,70740.75197807999,60018536.6066,6781.349436346381,848.429440292034
COL,Colombia,Res,RC,CR/LWAL+DUH/H:16/RES,11.127107197,12803954.475807,32009886.18905,19205931.713711,2604.609249765,75456.80210946,64019772.37953,6781.349435530202,848.4294402863894
COL,Colombia,Res,RC,CR/LWAL+DUH/H:17/RES,11.822551399,13604201.630464999,34010504.07613,20406302.445848,2767.397327842,80172.85224224,68021008.15205,6781.349434354867,848.4294402614797
COL,Colombia,Res,RC,CR/LWAL+DUH/H:18/RES,12.517995597,14404448.785473,36011121.96391,21606673.178935,2930.185405835,84888.9023756,72022243.92678,6781.349435523371,848.4294402595749
COL,Colombia,Res,RC,CR/LWAL+DUH/H:19/RES,13.213439799,15204695.940031,38011739.84979,22807043.910762,3092.97348395,89604.95250716,76023479.69881,6781.349434379786,848.4294402447816
COL,Colombia,Res,RC,CR/LWAL+DUH/H:20/RES,13.908883998,16004943.094809,40012357.73631,24007414.640919,3255.761562262,94321.00263594,80024715.47593,6781.349434613352,848.4294403104388
COL,Colombia,Res,RC,CR/LWAL+DUH/H:4/RES,6.738379412,4671314.14319,11678285.3586,7006971.21439,1633.157651402,19406.532703599998,23356570.7141,2879.999999560725,1203.541666655747
COL,Colombia,Res,RC,CR/LWAL+DUH/H:5/RES,1085.009870599,185973170.59428,464932926.48809,278959755.89296,103970.186263501,1774996.8513022999,929865852.97983,1635.9269158743964,523.8690154845038
COL,Colombia,Res,RC,CR/LWAL+DUH/H:6/RES,90.15454504,50562489.80777,126406224.52097,75843734.70644,12663.520169719,269692.75347,252812449.03003,2991.449331260471,937.4091286370151
COL,Colombia,Res,RC,CR/LWAL+DUH/H:7/RES,65.603566772,46116721.80836,115291804.51743001,69175082.7129,12019.956053371,237785.2005476,230583609.04315,3624.577324797044,969.7138783748303
COL,Colombia,Res,RC,CR/LWAL+DUH/H:8/RES,50.827193341,41026539.565467,102566348.91337,61539809.34943,9654.198503503,223238.18315240002,205132697.82719,4392.101323688945,918.8961087680517
COL,Colombia,Res,RC,CR/LWAL+DUH/H:9/RES,26.750123392,25529969.192282,63824922.98009,38294953.788863,7045.448010747,128425.21916238,127649845.96122,4800.920626810543,993.9624537437649
COL,Colombia,Res,RC,CR/LWAL+DUM/H:10/RES,306.91252573,191966179.941187,479915449.85592103,287949269.911506,40451.414338636,825715.33338494,959830899.74786,2690.3930734692335,1162.4234902034896
COL,Colombia,Res,RC,CR/LWAL+DUM/H:11/RES,146.340908571,131999331.572387,329998328.9294947,197998997.3571429,22832.632228882,656314.43131657,659996657.8591263,4484.8322845976245,1005.6104610333948
COL,Colombia,Res,RC,CR/LWAL+DUM/H:12/RES,865.430901764,461817326.8952889,1154543317.218538,692725990.3276349,146330.676647576,2369765.69201722,2309086634.48732,2738.2494514431455,974.3944906729373
COL,Colombia,Res,RC,CR/LWAL+DUM/H:13/RES,354.864943551,218313510.848826,545783777.064616,327470266.259991,94996.216791239,1098926.93558089,1091567554.2736611,3096.746961208232,993.3031204632921
COL,Colombia,Res,RC,CR/LWAL+DUM/H:14/RES,230.455820172,134937521.393549,337343803.496109,202406282.092124,64785.053072058,725848.4863816,674687607.02054,3149.6209808885073,929.5157593892629
COL,Colombia,Res,RC,CR/LWAL+DUM/H:15/RES,144.814247773,86016449.549777,215041123.863486,129024674.315585,39820.681490258,489046.30918756,430082247.687612,3377.0593481530386,879.4305152861629
COL,Colombia,Res,RC,CR/LWAL+DUM/H:16/RES,105.93508401,116390400.523004,290976001.295335,174585600.771307,26973.788439446,633521.30123201,581952002.6069,5980.278461592641,918.5989507774669
COL,Colombia,Res,RC,CR/LWAL+DUM/H:17/RES,211.279110312,160036222.113949,400090555.287455,240054333.18279898,64232.767477842004,887279.85327559,800181110.59227,4199.562616319836,901.836221839394
COL,Colombia,Res,RC,CR/LWAL+DUM/H:18/RES,60.079277477,79595497.7743269,198988744.432665,119393246.6650169,15606.982919058,416901.4481026,397977488.88278,6939.1887787299265,954.6080751075665
COL,Colombia,Res,RC,CR/LWAL+DUM/H:19/RES,29.263932713,38423215.239459,96058038.099248,57634822.859988,6548.114667039,213301.6302014,192116076.200525,7288.8914929278935,900.6779555277119
COL,Colombia,Res,RC,CR/LWAL+DUM/H:2/RES,39.395667998,550833.488958758,1377083.722365724,826250.233413482,172.416281015,3657.90910033,2754167.444776997,92.8505413467212,752.9349060446932
COL,Colombia,Res,RC,CR/LWAL+DUM/H:20/RES,49.201346371,56879121.64964499,142197804.11326748,85318682.47353749,13617.077982747,337417.57973613,284395608.233045,6857.893220885698,842.8594872129967
COL,Colombia,Res,RC,CR/LWAL+DUM/H:21/RES,101.989985804,89243293.17868,223108232.96139,133864939.77604,42866.933615142996,506744.30346019997,446216465.88213,4968.569212609163,880.555465222267
COL,Colombia,Res,RC,CR/LWAL+DUM/H:22/RES,19.324726472000002,36714404.417549,91786011.038888,55071606.623019,6777.567835961,206635.73812932,183572022.08312,10692.815674711817,888.3846702656734
COL,Colombia,Res,RC,CR/LWAL+DUM/H:23/RES,12.939802161,24230752.5934947,60576881.483697,36346128.8889891,3778.777199598,147297.49450832,121153762.957264,11383.287988147782,822.5106839846534
COL,Colombia,Res,RC,CR/LWAL+DUM/H:24/RES,21.126662549,40038870.093282,100097175.241725,60058305.138453,6234.653432287,245331.09531623998,200194350.47621,11612.392385557006,816.0170247401895
COL,Colombia,Res,RC,CR/LWAL+DUM/H:25/RES,12.32345121,23119881.355552,57799703.38375,34679822.03424,3890.329866512,141038.17000024,115599406.77587,11444.697398225022,819.6320668062644
COL,Colombia,Res,RC,CR/LWAL+DUM/H:26/RES,1.0,2975976.806,7439942.016,4463965.209,640.2167436,18022.46956,14879884.03,18022.46956,825.6295831413238
COL,Colombia,Res,RC,CR/LWAL+DUM/H:27/RES,128.0,23799017.218000002,59497543.041,35698525.822,81947.7431836,234323.39687,118995086.03999999,1830.651538046875,507.8241764565112
COL,Colombia,Res,RC,CR/LWAL+DUM/H:28/RES,1.0,3667498.348,9168745.871,5501247.522,640.2167436,16525.24397,18337491.74,16525.24397,1109.6654169396809
COL,Colombia,Res,RC,CR/LWAL+DUM/H:3/RES,68.940620687,11422892.03289909,28557230.08345142,17134338.05039978,592.9246622510001,33567.59461065,57114460.16847686,486.90589490123017,1701.4761060763092
COL,Colombia,Res,RC,CR/LWAL+DUM/H:30/RES,1.0,2883819.346,7209548.365,4325729.019,640.2167436,17464.3654,14419096.73,17464.3654,825.6295834259172
COL,Colombia,Res,RC,CR/LWAL+DUM/H:31/RES,2.0,5767638.692,14419096.73,8651458.038,1280.433487,34928.7308,28838193.46,17464.3654,825.6295834259172
COL,Colombia,Res,RC,CR/LWAL+DUM/H:4/RES,263.16911582,83951476.50967,209878691.27216053,125927214.763643,8993.174581735,334398.69043692,419757382.5457991,1270.6608425345735,1255.260246376416
COL,Colombia,Res,RC,CR/LWAL+DUM/H:5/RES,2605.491154014,532501785.5666803,1331254463.9553096,798752678.3618795,98201.910643131,2759378.27898585,2662508927.810859,1059.0626165568717,964.8945010864574
COL,Colombia,Res,RC,CR/LWAL+DUM/H:6/RES,2497.712193328,658050152.980425,1645125382.4505203,987075229.4719639,108220.730757654,3435649.22519537,3290250764.8336344,1375.5184582006002,957.6794804034548
COL,Colombia,Res,RC,CR/LWAL+DUM/H:7/RES,683.588197493,508641991.65681857,1271604979.1507351,762962987.4738345,50949.264578984,1989670.03955056,2543209958.22645,2910.6266709219103,1278.2068924357563
COL,Colombia,Res,RC,CR/LWAL+DUM/H:8/RES,480.598505149,270194624.4400397,675486561.0780938,405291936.6514053,41479.923698703,1095172.14486702,1350973122.2302208,2278.767272751886,1233.571478750732
COL,Colombia,Res,RC,CR/LWAL+DUM/H:9/RES,300.639975401,198511481.3404228,496278703.341928,297767222.007178,28232.637895849,786524.37566749,992557406.680182,2616.166977190598,1261.9537771322605
COL,Colombia,Res,W,W+WO/LN+DNO/H:1/RES,320998.0,4775982062.1,5458264956.2,3411415917.0,2139611.8,55341924.4,13645663717.2,172.4058230892404,246.5700978985111
COL,Colombia,Res,W,W+WO/LN+DNO/H:2/RES,3162.0,94091925.7,107533610.0,67208539.7,27941.6,1355396.1,268833964.1,428.6515180265655,198.3434688206643
