-56.8695,-30.2182,Artigas,1,rural,RM,264.509,846.4288
-56.8695,-30.2182,Artigas,1,rural,RS1,132.2545,423.2144
-56.8695,-30.2182,Artigas,1,rural,UFB,132.2545,423.2144
-57.5838,-30.3546,Artigas,1,urban,C1M,8.8235,158.8238
-57.5838,-30.3546,Artigas,1,urban,C3M,8.8235,158.8238
-57.5838,-30.3546,Artigas,1,rural,RM,86.2634,276.0429
-57.5838,-30.3546,Artigas,1,urban,RM,617.6483,5558.8345
-57.5838,-30.3546,Artigas,1,rural,RS1,43.1317,138.0214
-57.5838,-30.3546,Artigas,1,urban,RS1,547.0599,4923.5391
-57.5838,-30.3546,Artigas,1,rural,UFB,43.1317,138.0214
-57.5838,-30.3546,Artigas,1,urban,UFB,564.707,5082.3629
-57.1086,-30.5142,Artigas,1,rural,RM,338.5399,1083.3278
-57.1086,-30.5142,Artigas,1,rural,RS1,169.27,541.6639
-57.1086,-30.5142,Artigas,1,rural,UFB,169.27,541.6639
-57.4064,-30.4714,Artigas,1,rural,RM,587.9803,1881.5371
-57.4064,-30.4714,Artigas,1,rural,RS1,293.9902,940.7686
-57.4064,-30.4714,Artigas,1,rural,UFB,293.9902,940.7686
-56.5849,-30.4405,Artigas,1,urban,C1M,23.9461,431.0301
-56.5849,-30.4405,Artigas,1,urban,C3M,23.9461,431.0301
-56.5849,-30.4405,Artigas,1,rural,RM,167.9863,537.5562
-56.5849,-30.4405,Artigas,1,urban,RM,1676.2282,15086.0542
-56.5849,-30.4405,Artigas,1,rural,RS1,83.9932,268.7781
-56.5849,-30.4405,Artigas,1,urban,RS1,1484.6593,13361.9337
-56.5849,-30.4405,Artigas,1,rural,UFB,83.9932,268.7781
-56.5849,-30.4405,Artigas,1,urban,UFB,1532.5515,13792.9638
-56.7766,-30.5681,Artigas,1,rural,RM,369.5515,1182.5649
-56.7766,-30.5681,Artigas,1,rural,RS1,184.7758,591.2825
-56.7766,-30.5681,Artigas,1,rural,UFB,184.7758,591.2825
-57.577,-30.6577,Artigas,1,rural,RM,666.22,2131.904
-57.577,-30.6577,Artigas,1,rural,RS1,333.11,1065.952
-57.577,-30.6577,Artigas,1,rural,UFB,333.11,1065.952
-56.2257,-30.7421,Artigas,1,rural,RM,389.8515,1247.5247
-56.2257,-30.7421,Artigas,1,rural,RS1,194.9257,623.7623
-56.2257,-30.7421,Artigas,1,rural,UFB,194.9257,623.7623
-55.7568,-34.3022,Canelones,2,rural,RM,438.6199,1403.5836
-55.7568,-34.3022,Canelones,2,rural,RS1,219.3099,701.7918
-55.7568,-34.3022,Canelones,2,rural,UFB,219.3099,701.7918
-55.9481,-34.2533,Canelones,2,rural,RM,519.1149,1661.1678
-55.9481,-34.2533,Canelones,2,urban,RM,1.562,14.0579
-55.9481,-34.2533,Canelones,2,rural,RS1,259.5575,830.5839
-55.9481,-34.2533,Canelones,2,urban,RS1,1.3835,12.4513
-55.9481,-34.2533,Canelones,2,rural,UFB,259.5575,830.5839
-55.9481,-34.2533,Canelones,2,urban,UFB,1.4281,12.853
-56.1231,-34.3737,Canelones,2,rural,RM,128.5515,411.3647
-56.1231,-34.3737,Canelones,2,rural,RS1,64.2757,205.6823
-56.1231,-34.3737,Canelones,2,rural,UFB,64.2757,205.6823
-55.9714,-34.3779,Canelones,2,rural,RM,229.2341,733.5493
-55.9714,-34.3779,Canelones,2,rural,RS1,114.6171,366.7746
-55.9714,-34.3779,Canelones,2,rural,UFB,114.6171,366.7746
-55.6556,-34.462,Canelones,2,rural,RM,281.3279,900.2492
-55.6556,-34.462,Canelones,2,rural,RS1,140.6639,450.1246
-55.6556,-34.462,Canelones,2,rural,UFB,140.6639,450.1246
-55.826,-34.4961,Canelones,2,rural,RM,320.808,1026.5857
-55.826,-34.4961,Canelones,2,rural,RS1,160.404,513.2929
-55.826,-34.4961,Canelones,2,rural,UFB,160.404,513.2929
-56.2361,-34.5115,Canelones,2,urban,C1M,9.993,179.8738
-56.2361,-34.5115,Canelones,2,urban,C3M,9.993,179.8738
-56.2361,-34.5115,Canelones,2,rural,RM,35.561,113.7951
-56.2361,-34.5115,Canelones,2,urban,RM,699.5094,6295.5842
-56.2361,-34.5115,Canelones,2,rural,RS1,17.7805,56.8976
-56.2361,-34.5115,Canelones,2,urban,RS1,619.5654,5576.0888
-56.2361,-34.5115,Canelones,2,rural,UFB,17.7805,56.8976
-56.2361,-34.5115,Canelones,2,urban,UFB,639.5514,5755.9627
-56.0844,-34.5064,Canelones,2,rural,RM,295.1918,944.6138
-56.0844,-34.5064,Canelones,2,rural,RS1,147.5959,472.3069
-56.0844,-34.5064,Canelones,2,rural,UFB,147.5959,472.3069
-56.3436,-34.3894,Canelones,2,urban,C1M,3.9597,71.2747
-56.3436,-34.3894,Canelones,2,urban,C3M,3.9597,71.2747
-56.3436,-34.3894,Canelones,2,rural,RM,33.7293,107.9338
-56.3436,-34.3894,Canelones,2,urban,RM,277.1796,2494.616
-56.3436,-34.3894,Canelones,2,rural,RS1,16.8647,53.9669
-56.3436,-34.3894,Canelones,2,urban,RS1,245.5019,2209.517
-56.3436,-34.3894,Canelones,2,rural,UFB,16.8647,53.9669
-56.3436,-34.3894,Canelones,2,urban,UFB,253.4213,2280.7917
-56.3979,-34.5774,Canelones,2,urban,C1M,1.9705,35.4685
-56.3979,-34.5774,Canelones,2,urban,C3M,1.9705,35.4685
-56.3979,-34.5774,Canelones,2,rural,RM,340.2708,1088.8667
-56.3979,-34.5774,Canelones,2,urban,RM,137.9332,1241.399
-56.3979,-34.5774,Canelones,2,rural,RS1,170.1354,544.4333
-56.3979,-34.5774,Canelones,2,urban,RS1,122.1694,1099.5248
-56.3979,-34.5774,Canelones,2,rural,UFB,170.1354,544.4333
-56.3979,-34.5774,Canelones,2,urban,UFB,126.1104,1134.9933
-56.061,-34.631,Canelones,2,urban,C1M,38.8703,699.6655
-56.061,-34.631,Canelones,2,urban,C3M,38.8703,699.6655
-56.061,-34.631,Canelones,2,rural,RM,82.726,264.7234
-56.061,-34.631,Canelones,2,urban,RM,2720.9215,24488.2939
-56.061,-34.631,Canelones,2,rural,RS1,41.363,132.3617
-56.061,-34.631,Canelones,2,urban,RS1,2409.9591,21689.6317
-56.061,-34.631,Canelones,2,rural,UFB,41.363,132.3617
-56.061,-34.631,Canelones,2,urban,UFB,2487.6997,22389.2973
-55.5921,-34.7629,Canelones,2,urban,C1M,37.5902,676.6242
-55.5921,-34.7629,Canelones,2,urban,C3M,37.5902,676.6242
-55.5921,-34.7629,Canelones,2,rural,RM,104.8213,335.4283
-55.5921,-34.7629,Canelones,2,urban,RM,2631.3165,23681.8484
-55.5921,-34.7629,Canelones,2,rural,RS1,52.4107,167.7141
-55.5921,-34.7629,Canelones,2,urban,RS1,2330.5946,20975.3514
-55.5921,-34.7629,Canelones,2,rural,UFB,52.4107,167.7141
-55.5921,-34.7629,Canelones,2,urban,UFB,2405.7751,21651.9757
-55.881,-34.6372,Canelones,2,urban,C1M,29.4251,529.6521
-55.881,-34.6372,Canelones,2,urban,C3M,29.4251,529.6521
-55.881,-34.6372,Canelones,2,rural,RM,71.0504,227.3614
-55.881,-34.6372,Canelones,2,urban,RM,2059.7583,18537.8246
-55.881,-34.6372,Canelones,2,rural,RS1,35.5252,113.6807
-55.881,-34.6372,Canelones,2,urban,RS1,1824.3573,16419.216
-55.881,-34.6372,Canelones,2,rural,UFB,35.5252,113.6807
-55.881,-34.6372,Canelones,2,urban,UFB,1883.2076,16948.8682
-56.2486,-34.6819,Canelones,2,urban,C1M,92.1444,1658.5993
-56.2486,-34.6819,Canelones,2,urban,C3M,92.1444,1658.5993
-56.2486,-34.6819,Canelones,2,rural,RM,85.4354,273.3934
-56.2486,-34.6819,Canelones,2,urban,RM,6450.1083,58050.9752
-56.2486,-34.6819,Canelones,2,rural,RS1,42.7177,136.6967
-56.2486,-34.6819,Canelones,2,urban,RS1,5712.9531,51416.578
-56.2486,-34.6819,Canelones,2,rural,UFB,42.7177,136.6967
-56.2486,-34.6819,Canelones,2,urban,UFB,5897.2419,53075.1773
-56.3209,-34.7177,Canelones,2,urban,C1M,5.6151,101.0709
-56.3209,-34.7177,Canelones,2,urban,C3M,5.6151,101.0709
-56.3209,-34.7177,Canelones,2,rural,RM,93.8624,300.3598
-56.3209,-34.7177,Canelones,2,urban,RM,393.0535,3537.4815
-56.3209,-34.7177,Canelones,2,rural,RS1,46.9312,150.1799
-56.3209,-34.7177,Canelones,2,urban,RS1,348.1331,3133.1979
-56.3209,-34.7177,Canelones,2,rural,UFB,46.9312,150.1799
-56.3209,-34.7177,Canelones,2,urban,UFB,359.3632,3234.2688
-56.1028,-34.7379,Canelones,2,urban,C1M,39.9878,719.7796
-56.1028,-34.7379,Canelones,2,urban,C3M,39.9878,719.7796
-56.1028,-34.7379,Canelones,2,urban,RM,2799.1429,25192.2863
-56.1028,-34.7379,Canelones,2,urban,RS1,2479.2409,22313.1679
-56.1028,-34.7379,Canelones,2,urban,UFB,2559.2164,23032.9475
-56.00639,-34.82431,Canelones,2,urban,RS1,4609.7989,41488.1903
-55.86167,-34.76252,Canelones,2,rural,UFB,6.1871,19.7989
-55.8593,-34.76252,Canelones,2,urban,RS1,3688.3618,33195.2566
-55.9791,-34.82431,Canelones,2,urban,C1M,74.3516,1338.3287
-55.86167,-34.76252,Canelones,2,urban,UFB,3807.3413,34266.0714
-55.8593,-34.76252,Canelones,2,rural,RM,12.3743,39.5977
-55.86167,-34.76252,Canelones,2,urban,C3M,59.4897,1070.8147
-55.8593,-34.76252,Canelones,2,rural,RS1,6.1871,19.7989
-55.86167,-34.76252,Canelones,2,urban,RM,4164.2795,37478.5156
-55.8593,-34.76252,Canelones,2,urban,C1M,59.4897,1070.8147
-56.00639,-34.82431,Canelones,2,urban,RM,5204.6117,46841.5052
-55.9791,-34.82431,Canelones,2,urban,C3M,74.3516,1338.3287
-56.00639,-34.82431,Canelones,2,urban,UFB,4758.5021,42826.519
-54.2423,-31.9887,Cerro Largo,3,rural,RM,998.8497,3196.319
-54.2423,-31.9887,Cerro Largo,3,rural,RS1,499.4248,1598.1595
-54.2423,-31.9887,Cerro Largo,3,rural,UFB,499.4248,1598.1595
-53.902,-32.1486,Cerro Largo,3,rural,RM,188.9083,604.5067
-53.902,-32.1486,Cerro Largo,3,rural,RS1,94.4542,302.2533
-53.902,-32.1486,Cerro Largo,3,rural,UFB,94.4542,302.2533
-54.5899,-32.2841,Cerro Largo,3,rural,RM,351.2915,1124.1327
-54.5899,-32.2841,Cerro Largo,3,rural,RS1,175.6457,562.0664
-54.5899,-32.2841,Cerro Largo,3,rural,UFB,175.6457,562.0664
-54.1478,-32.3187,Cerro Largo,3,urban,C1M,25.9931,467.8763
-54.1478,-32.3187,Cerro Largo,3,urban,C3M,25.9931,467.8763
-54.1478,-32.3187,Cerro Largo,3,rural,RM,148.9349,476.5917
-54.1478,-32.3187,Cerro Largo,3,urban,RM,1819.5188,16375.6695
-54.1478,-32.3187,Cerro Largo,3,rural,RS1,74.4675,238.2959
-54.1478,-32.3187,Cerro Largo,3,urban,RS1,1611.5738,14504.1644
-54.1478,-32.3187,Cerro Largo,3,rural,UFB,74.4675,238.2959
-54.1478,-32.3187,Cerro Largo,3,urban,UFB,1663.5601,14972.0406
-53.8043,-32.3197,Cerro Largo,3,rural,RM,176.965,566.2881
-53.8043,-32.3197,Cerro Largo,3,rural,RS1,88.4825,283.144
-53.8043,-32.3197,Cerro Largo,3,rural,UFB,88.4825,283.144
-54.3467,-32.3335,Cerro Largo,3,urban,C1M,2.1123,38.021
-54.3467,-32.3335,Cerro Largo,3,urban,C3M,2.1123,38.021
-54.3467,-32.3335,Cerro Largo,3,rural,RM,124.3223,397.8314
-54.3467,-32.3335,Cerro Largo,3,urban,RM,147.8593,1330.7336
-54.3467,-32.3335,Cerro Largo,3,rural,RS1,62.1612,198.9157
-54.3467,-32.3335,Cerro Largo,3,urban,RS1,130.9611,1178.6498
-54.3467,-32.3335,Cerro Largo,3,rural,UFB,62.1612,198.9157
-54.3467,-32.3335,Cerro Largo,3,urban,UFB,135.1856,1216.6707
-54.7237,-32.4753,Cerro Largo,3,rural,RM,172.181,550.9791
-54.7237,-32.4753,Cerro Largo,3,rural,RS1,86.0905,275.4895
-54.7237,-32.4753,Cerro Largo,3,rural,UFB,86.0905,275.4895
-54.8475,-32.5743,Cerro Largo,3,rural,RM,272.3305,871.4575
-54.8475,-32.5743,Cerro Largo,3,rural,RS1,136.1652,435.7287
-54.8475,-32.5743,Cerro Largo,3,rural,UFB,136.1652,435.7287
-53.8403,-32.5518,Cerro Largo,3,rural,RM,319.4571,1022.2626
-53.8403,-32.5518,Cerro Largo,3,rural,RS1,159.7285,511.1313
-53.8403,-32.5518,Cerro Largo,3,rural,UFB,159.7285,511.1313
-55.1655,-32.7016,Cerro Largo,3,rural,RM,465.4328,1489.3849
-55.1655,-32.7016,Cerro Largo,3,rural,RS1,232.7164,744.6924
-55.1655,-32.7016,Cerro Largo,3,rural,UFB,232.7164,744.6924
-53.47,-32.5864,Cerro Largo,3,urban,C1M,7.731,139.1572
-53.47,-32.5864,Cerro Largo,3,urban,C3M,7.731,139.1572
-53.47,-32.5864,Cerro Largo,3,rural,RM,177.8005,568.9617
-53.47,-32.5864,Cerro Largo,3,urban,RM,541.1667,4870.5005
-53.47,-32.5864,Cerro Largo,3,rural,RS1,88.9003,284.4808
-53.47,-32.5864,Cerro Largo,3,urban,RS1,479.3191,4313.8719
-53.47,-32.5864,Cerro Largo,3,rural,UFB,88.9003,284.4808
-53.47,-32.5864,Cerro Largo,3,urban,UFB,494.781,4453.029
-54.2794,-32.5689,Cerro Largo,3,rural,RM,272.6344,872.43
-54.2794,-32.5689,Cerro Largo,3,rural,RS1,136.3172,436.215
-54.2794,-32.5689,Cerro Largo,3,rural,UFB,136.3172,436.215
-54.2772,-32.3875,Cerro Largo,3,rural,RM,1418.3474,4538.7116
-54.2772,-32.3875,Cerro Largo,3,rural,RS1,709.1737,2269.3558
-54.2772,-32.3875,Cerro Largo,3,rural,UFB,709.1737,2269.3558
-58.1122,-33.8237,Colonia,4,rural,RM,209.4143,670.1258
-58.1122,-33.8237,Colonia,4,rural,RS1,104.7072,335.0629
-58.1122,-33.8237,Colonia,4,rural,UFB,104.7072,335.0629
-57.4559,-33.9772,Colonia,4,urban,C1M,1.7139,30.8507
-57.4559,-33.9772,Colonia,4,urban,C3M,1.7139,30.8507
-57.4559,-33.9772,Colonia,4,rural,RM,360.0283,1152.0905
-57.4559,-33.9772,Colonia,4,urban,RM,119.9748,1079.7731
-57.4559,-33.9772,Colonia,4,rural,RS1,180.0141,576.0452
-57.4559,-33.9772,Colonia,4,urban,RS1,106.2634,956.3705
-57.4559,-33.9772,Colonia,4,rural,UFB,180.0141,576.0452
-57.4559,-33.9772,Colonia,4,urban,UFB,109.6912,987.2211
-57.1799,-34.0658,Colonia,4,rural,RM,445.2263,1424.7243
-57.1799,-34.0658,Colonia,4,rural,RS1,222.6132,712.3621
-57.1799,-34.0658,Colonia,4,rural,UFB,222.6132,712.3621
-57.721,-34.0981,Colonia,4,rural,RM,516.3961,1652.4675
-57.721,-34.0981,Colonia,4,urban,RM,3.1061,27.9551
-57.721,-34.0981,Colonia,4,rural,RS1,258.198,826.2337
-57.721,-34.0981,Colonia,4,urban,RS1,2.7511,24.7603
-57.721,-34.0981,Colonia,4,rural,UFB,258.198,826.2337
-57.721,-34.0981,Colonia,4,urban,UFB,2.8399,25.559
-57.8695,-33.9398,Colonia,4,rural,RM,848.6256,2715.6019
-57.8695,-33.9398,Colonia,4,rural,RS1,424.3128,1357.801
-57.8695,-33.9398,Colonia,4,rural,UFB,424.3128,1357.801
-57.4287,-34.2756,Colonia,4,urban,C1M,3.7906,68.231
-57.4287,-34.2756,Colonia,4,urban,C3M,3.7906,68.231
-57.4287,-34.2756,Colonia,4,rural,RM,446.6235,1429.1953
-57.4287,-34.2756,Colonia,4,urban,RM,265.3429,2388.086
-57.4287,-34.2756,Colonia,4,rural,RS1,223.3118,714.5977
-57.4287,-34.2756,Colonia,4,urban,RS1,235.018,2115.1619
-57.4287,-34.2756,Colonia,4,rural,UFB,223.3118,714.5977
-57.4287,-34.2756,Colonia,4,urban,UFB,242.5992,2183.3929
-57.2225,-34.2858,Colonia,4,urban,C1M,6.9197,124.555
-57.2225,-34.2858,Colonia,4,urban,C3M,6.9197,124.555
-57.2225,-34.2858,Colonia,4,rural,RM,191.9232,614.1543
-57.2225,-34.2858,Colonia,4,urban,RM,484.3807,4359.4267
-57.2225,-34.2858,Colonia,4,rural,RS1,95.9616,307.0771
-57.2225,-34.2858,Colonia,4,urban,RS1,429.0229,3861.2065
-57.2225,-34.2858,Colonia,4,rural,UFB,95.9616,307.0771
-57.2225,-34.2858,Colonia,4,urban,UFB,442.8624,3985.7616
-57.672,-34.3809,Colonia,4,urban,C1M,3.2189,57.941
-57.672,-34.3809,Colonia,4,urban,C3M,3.2189,57.941
-57.672,-34.3809,Colonia,4,rural,RM,295.2816,944.9013
-57.672,-34.3809,Colonia,4,urban,RM,225.3261,2027.9347
-57.672,-34.3809,Colonia,4,rural,RS1,147.6408,472.4506
-57.672,-34.3809,Colonia,4,urban,RS1,199.5745,1796.1707
-57.672,-34.3809,Colonia,4,rural,UFB,147.6408,472.4506
-57.672,-34.3809,Colonia,4,urban,UFB,206.0124,1854.1117
-58.3359,-33.9552,Colonia,4,urban,C1M,5.2773,94.9907
-58.3359,-33.9552,Colonia,4,urban,C3M,5.2773,94.9907
-58.3359,-33.9552,Colonia,4,rural,RM,111.6966,357.4292
-58.3359,-33.9552,Colonia,4,urban,RM,369.4084,3324.6756
-58.3359,-33.9552,Colonia,4,rural,RS1,55.8483,178.7146
-58.3359,-33.9552,Colonia,4,urban,RS1,327.1903,2944.7126
-58.3359,-33.9552,Colonia,4,rural,UFB,55.8483,178.7146
-58.3359,-33.9552,Colonia,4,urban,UFB,337.7448,3039.7034
-58.0455,-34.1927,Colonia,4,rural,RM,387.9129,1241.3212
-58.0455,-34.1927,Colonia,4,rural,RS1,193.9564,620.6606
-58.0455,-34.1927,Colonia,4,rural,UFB,193.9564,620.6606
-57.262,-34.4277,Colonia,4,urban,C1M,4.3817,78.8698
-57.262,-34.4277,Colonia,4,urban,C3M,4.3817,78.8698
-57.262,-34.4277,Colonia,4,rural,RM,104.7252,335.1208
-57.262,-34.4277,Colonia,4,urban,RM,306.7159,2760.4432
-57.262,-34.4277,Colonia,4,rural,RS1,52.3626,167.5604
-57.262,-34.4277,Colonia,4,urban,RS1,271.6627,2444.964
-57.262,-34.4277,Colonia,4,rural,UFB,52.3626,167.5604
-57.262,-34.4277,Colonia,4,urban,UFB,280.426,2523.8338
-57.5169,-34.4341,Colonia,4,urban,C1M,3.4062,61.3112
-57.5169,-34.4341,Colonia,4,urban,C3M,3.4062,61.3112
-57.5169,-34.4341,Colonia,4,rural,RM,70.9211,226.9474
-57.5169,-34.4341,Colonia,4,urban,RM,238.4323,2145.8906
-57.5169,-34.4341,Colonia,4,rural,RS1,35.4605,113.4737
-57.5169,-34.4341,Colonia,4,urban,RS1,211.1829,1900.646
-57.5169,-34.4341,Colonia,4,rural,UFB,35.4605,113.4737
-57.5169,-34.4341,Colonia,4,urban,UFB,217.9952,1961.9571
-57.8732,-34.3941,Colonia,4,urban,C1M,9.7698,175.8568
-57.8732,-34.3941,Colonia,4,urban,C3M,9.7698,175.8568
-57.8732,-34.3941,Colonia,4,rural,RM,252.209,807.0687
-57.8732,-34.3941,Colonia,4,urban,RM,683.8875,6154.9876
-57.8732,-34.3941,Colonia,4,rural,RS1,126.1045,403.5344
-57.8732,-34.3941,Colonia,4,urban,RS1,605.7289,5451.5605
-57.8732,-34.3941,Colonia,4,rural,UFB,126.1045,403.5344
-57.8732,-34.3941,Colonia,4,urban,UFB,625.2686,5627.4173
-56.543,-33.3673,Durazno,5,urban,C1M,19.2384,346.292
-56.543,-33.3673,Durazno,5,urban,C3M,19.2384,346.292
-56.543,-33.3673,Durazno,5,rural,RM,61.6362,197.236
-56.543,-33.3673,Durazno,5,urban,RM,1346.691,12120.219
-56.543,-33.3673,Durazno,5,rural,RS1,30.8181,98.618
-56.543,-33.3673,Durazno,5,urban,RS1,1192.7835,10735.0511
-56.543,-33.3673,Durazno,5,rural,UFB,30.8181,98.618
-56.543,-33.3673,Durazno,5,urban,UFB,1231.2603,11081.3431
-55.6068,-32.5558,Durazno,5,rural,RM,477.8091,1528.9892
-55.6068,-32.5558,Durazno,5,rural,RS1,238.9046,764.4946
-55.6068,-32.5558,Durazno,5,rural,UFB,238.9046,764.4946
-55.7786,-32.7293,Durazno,5,rural,RM,175.4063,561.3002
-55.7786,-32.7293,Durazno,5,rural,RS1,87.7032,280.6501
-55.7786,-32.7293,Durazno,5,rural,UFB,87.7032,280.6501
-56.0559,-32.7615,Durazno,5,rural,RM,328.3389,1050.6844
-56.0559,-32.7615,Durazno,5,rural,RS1,164.1694,525.3422
-56.0559,-32.7615,Durazno,5,rural,UFB,164.1694,525.3422
-56.8101,-32.8853,Durazno,5,rural,RM,192.6879,616.6012
-56.8101,-32.8853,Durazno,5,rural,RS1,96.3439,308.3006
-56.8101,-32.8853,Durazno,5,rural,UFB,96.3439,308.3006
-55.5306,-32.8355,Durazno,5,rural,RM,381.5527,1220.9687
-55.5306,-32.8355,Durazno,5,rural,RS1,190.7764,610.4844
-55.5306,-32.8355,Durazno,5,rural,UFB,190.7764,610.4844
-56.4059,-32.8853,Durazno,5,rural,RM,154.2902,493.7287
-56.4059,-32.8853,Durazno,5,rural,RS1,77.1451,246.8644
-56.4059,-32.8853,Durazno,5,rural,UFB,77.1451,246.8644
-55.3554,-32.9838,Durazno,5,rural,RM,155.0504,496.1612
-55.3554,-32.9838,Durazno,5,rural,RS1,77.5252,248.0806
-55.3554,-32.9838,Durazno,5,rural,UFB,77.5252,248.0806
-56.2099,-33.1842,Durazno,5,rural,RM,261.8551,837.9363
-56.2099,-33.1842,Durazno,5,rural,RS1,130.9276,418.9682
-56.2099,-33.1842,Durazno,5,rural,UFB,130.9276,418.9682
-55.9422,-33.1511,Durazno,5,rural,RM,638.43,2042.9761
-55.9422,-33.1511,Durazno,5,rural,RS1,319.215,1021.4881
-55.9422,-33.1511,Durazno,5,rural,UFB,319.215,1021.4881
-56.8886,-33.0643,Durazno,5,rural,RM,164.3257,525.8423
-56.8886,-33.0643,Durazno,5,rural,RS1,82.1629,262.9211
-56.8886,-33.0643,Durazno,5,rural,UFB,82.1629,262.9211
-56.4981,-33.1183,Durazno,5,rural,RM,456.5082,1460.8261
-56.4981,-33.1183,Durazno,5,rural,RS1,228.2541,730.413
-56.4981,-33.1183,Durazno,5,rural,UFB,228.2541,730.413
-55.6287,-33.1161,Durazno,5,rural,RM,160.822,514.6304
-55.6287,-33.1161,Durazno,5,rural,RS1,80.411,257.3152
-55.6287,-33.1161,Durazno,5,rural,UFB,80.411,257.3152
-57.1784,-33.263,Flores,6,rural,RM,191.2592,612.0294
-57.1784,-33.263,Flores,6,rural,RS1,95.6296,306.0147
-57.1784,-33.263,Flores,6,rural,UFB,95.6296,306.0147
-56.9543,-33.4073,Flores,6,urban,C1M,8.8458,159.2241
-56.9543,-33.4073,Flores,6,urban,C3M,8.8458,159.2241
-56.9543,-33.4073,Flores,6,rural,RM,102.5867,328.2775
-56.9543,-33.4073,Flores,6,urban,RM,619.2048,5572.8435
-56.9543,-33.4073,Flores,6,rural,RS1,51.2934,164.1388
-56.9543,-33.4073,Flores,6,urban,RS1,548.4386,4935.9471
-56.9543,-33.4073,Flores,6,rural,UFB,51.2934,164.1388
-56.9543,-33.4073,Flores,6,urban,UFB,566.1301,5095.1712
-56.7335,-33.3923,Flores,6,rural,RM,133.1425,426.056
-56.7335,-33.3923,Flores,6,urban,RM,7.1717,64.5456
-56.7335,-33.3923,Flores,6,rural,RS1,66.5712,213.028
-56.7335,-33.3923,Flores,6,urban,RS1,6.3521,57.169
-56.7335,-33.3923,Flores,6,rural,UFB,66.5712,213.028
-56.7335,-33.3923,Flores,6,urban,UFB,6.557,59.0131
-56.9247,-33.4538,Flores,6,urban,C1M,2.8703,51.6649
-56.9247,-33.4538,Flores,6,urban,C3M,2.8703,51.6649
-56.9247,-33.4538,Flores,6,rural,RM,31.0938,99.5003
-56.9247,-33.4538,Flores,6,urban,RM,200.9192,1808.2725
-56.9247,-33.4538,Flores,6,rural,RS1,15.5469,49.7501
-56.9247,-33.4538,Flores,6,urban,RS1,177.957,1601.6128
-56.9247,-33.4538,Flores,6,rural,UFB,15.5469,49.7501
-56.9247,-33.4538,Flores,6,urban,UFB,183.6975,1653.2778
-57.0586,-33.7039,Flores,6,rural,RM,188.2157,602.2902
-57.0586,-33.7039,Flores,6,rural,RS1,94.1078,301.1451
-57.0586,-33.7039,Flores,6,rural,UFB,94.1078,301.1451
-56.7119,-33.7287,Flores,6,rural,RM,159.2828,509.705
-56.7119,-33.7287,Flores,6,rural,RS1,79.6414,254.8525
-56.7119,-33.7287,Flores,6,rural,UFB,79.6414,254.8525
-55.36,-33.25,Florida,7,rural,RM,360.6943,1154.2216
-55.36,-33.25,Florida,7,urban,RM,27.2535,245.2818
-55.36,-33.25,Florida,7,rural,RS1,180.3471,577.1108
-55.36,-33.25,Florida,7,urban,RS1,24.1388,217.2496
-55.36,-33.25,Florida,7,rural,UFB,180.3471,577.1108
-55.36,-33.25,Florida,7,urban,UFB,24.9175,224.2577
-55.705,-33.3852,Florida,7,urban,C1M,3.6262,65.2719
-55.705,-33.3852,Florida,7,urban,C3M,3.6262,65.2719
-55.705,-33.3852,Florida,7,rural,RM,187.6159,600.3707
-55.705,-33.3852,Florida,7,urban,RM,253.8351,2284.5157
-55.705,-33.3852,Florida,7,rural,RS1,93.8079,300.1854
-55.705,-33.3852,Florida,7,urban,RS1,224.8254,2023.4282
-55.705,-33.3852,Florida,7,rural,UFB,93.8079,300.1854
-55.705,-33.3852,Florida,7,urban,UFB,232.0778,2088.7
-55.9356,-33.5381,Florida,7,rural,RM,421.9087,1350.1079
-55.9356,-33.5381,Florida,7,rural,RS1,210.9544,675.054
-55.9356,-33.5381,Florida,7,rural,UFB,210.9544,675.054
-56.3962,-33.4795,Florida,7,rural,RM,199.3015,637.7647
-56.3962,-33.4795,Florida,7,rural,RS1,99.6507,318.8824
-56.3962,-33.4795,Florida,7,rural,UFB,99.6507,318.8824
-55.4895,-33.5501,Florida,7,rural,RM,174.3436,557.8995
-55.4895,-33.5501,Florida,7,rural,RS1,87.1718,278.9497
-55.4895,-33.5501,Florida,7,rural,UFB,87.1718,278.9497
-55.5761,-33.7825,Florida,7,rural,RM,521.8934,1670.0589
-55.5761,-33.7825,Florida,7,rural,RS1,260.9467,835.0294
-55.5761,-33.7825,Florida,7,rural,UFB,260.9467,835.0294
-56.2459,-33.664,Florida,7,urban,C1M,1.2455,22.4181
-56.2459,-33.664,Florida,7,urban,C3M,1.2455,22.4181
-56.2459,-33.664,Florida,7,rural,RM,146.5733,469.0345
-56.2459,-33.664,Florida,7,urban,RM,87.1815,784.6338
-56.2459,-33.664,Florida,7,rural,RS1,73.2866,234.5172
-56.2459,-33.664,Florida,7,urban,RS1,77.2179,694.9614
-56.2459,-33.664,Florida,7,rural,UFB,73.2866,234.5172
-56.2459,-33.664,Florida,7,urban,UFB,79.7088,717.3795
-56.0599,-33.7899,Florida,7,urban,C1M,2.1992,39.5857
-56.0599,-33.7899,Florida,7,urban,C3M,2.1992,39.5857
-56.0599,-33.7899,Florida,7,rural,RM,360.3107,1152.9944
-56.0599,-33.7899,Florida,7,urban,RM,153.9443,1385.4989
-56.0599,-33.7899,Florida,7,rural,RS1,180.1554,576.4972
-56.0599,-33.7899,Florida,7,urban,RS1,136.3507,1227.1561
-56.0599,-33.7899,Florida,7,rural,UFB,180.1554,576.4972
-56.0599,-33.7899,Florida,7,urban,UFB,140.7491,1266.7418
-55.7846,-33.9971,Florida,7,rural,RM,738.3181,2362.618
-55.7846,-33.9971,Florida,7,rural,RS1,369.1591,1181.309
-55.7846,-33.9971,Florida,7,rural,UFB,369.1591,1181.309
-56.3783,-34.0359,Florida,7,urban,C1M,1.5705,28.2687
-56.3783,-34.0359,Florida,7,urban,C3M,1.5705,28.2687
-56.3783,-34.0359,Florida,7,rural,RM,331.3419,1060.294
-56.3783,-34.0359,Florida,7,urban,RM,109.9337,989.4031
-56.3783,-34.0359,Florida,7,rural,RS1,165.6709,530.147
-56.3783,-34.0359,Florida,7,urban,RS1,97.3698,876.3285
-56.3783,-34.0359,Florida,7,rural,UFB,165.6709,530.147
-56.3783,-34.0359,Florida,7,urban,UFB,100.5108,904.5971
-56.2732,-33.9737,Florida,7,rural,RM,55.5213,177.6683
-56.2732,-33.9737,Florida,7,urban,RM,25.5324,229.7918
-56.2732,-33.9737,Florida,7,rural,RS1,27.7607,88.8341
-56.2732,-33.9737,Florida,7,urban,RS1,22.6144,203.5299
-56.2732,-33.9737,Florida,7,rural,UFB,27.7607,88.8341
-56.2732,-33.9737,Florida,7,urban,UFB,23.3439,210.0954
-56.1335,-34.1254,Florida,7,urban,C1M,16.4425,295.9656
-56.1335,-34.1254,Florida,7,urban,C3M,16.4425,295.9656
-56.1335,-34.1254,Florida,7,rural,RM,334.8819,1071.622
-56.1335,-34.1254,Florida,7,urban,RM,1150.9772,10358.7949
-56.1335,-34.1254,Florida,7,rural,RS1,167.4409,535.811
-56.1335,-34.1254,Florida,7,urban,RS1,1019.437,9174.9327
-56.1335,-34.1254,Florida,7,rural,UFB,167.4409,535.811
-56.1335,-34.1254,Florida,7,urban,UFB,1052.322,9470.8982
-56.4044,-34.2828,Florida,7,rural,RM,293.4888,939.1643
-56.4044,-34.2828,Florida,7,rural,RS1,146.7444,469.5821
-56.4044,-34.2828,Florida,7,rural,UFB,146.7444,469.5821
-54.9212,-33.4368,Lavalleja,8,rural,RM,174.3934,558.059
-54.9212,-33.4368,Lavalleja,8,rural,RS1,87.1967,279.0295
-54.9212,-33.4368,Lavalleja,8,rural,UFB,87.1967,279.0295
-55.1264,-33.4217,Lavalleja,8,rural,RM,626.0082,2003.2264
-55.1264,-33.4217,Lavalleja,8,rural,RS1,313.0041,1001.6132
-55.1264,-33.4217,Lavalleja,8,rural,UFB,313.0041,1001.6132
-54.5016,-33.4196,Lavalleja,8,urban,C1M,2.9717,53.4906
-54.5016,-33.4196,Lavalleja,8,urban,C3M,2.9717,53.4906
-54.5016,-33.4196,Lavalleja,8,rural,RM,241.9467,774.2295
-54.5016,-33.4196,Lavalleja,8,urban,RM,208.0189,1872.1704
-54.5016,-33.4196,Lavalleja,8,rural,RS1,120.9734,387.1148
-54.5016,-33.4196,Lavalleja,8,urban,RS1,184.2453,1658.2081
-54.5016,-33.4196,Lavalleja,8,rural,UFB,120.9734,387.1148
-54.5016,-33.4196,Lavalleja,8,urban,UFB,190.1887,1711.6987
-54.6614,-33.6095,Lavalleja,8,rural,RM,305.3546,977.1346
-54.6614,-33.6095,Lavalleja,8,rural,RS1,152.6773,488.5673
-54.6614,-33.6095,Lavalleja,8,rural,UFB,152.6773,488.5673
-55.2095,-33.7383,Lavalleja,8,rural,RM,229.0636,733.0036
-55.2095,-33.7383,Lavalleja,8,rural,RS1,114.5318,366.5018
-55.2095,-33.7383,Lavalleja,8,rural,UFB,114.5318,366.5018
-54.6898,-33.8773,Lavalleja,8,rural,RM,565.6295,1810.0142
-54.6898,-33.8773,Lavalleja,8,rural,RS1,282.8147,905.0071
-54.6898,-33.8773,Lavalleja,8,rural,UFB,282.8147,905.0071
-55.0749,-33.9215,Lavalleja,8,rural,RM,219.2767,701.6853
-55.0749,-33.9215,Lavalleja,8,rural,RS1,109.6383,350.8426
-55.0749,-33.9215,Lavalleja,8,rural,UFB,109.6383,350.8426
-55.4703,-34.0297,Lavalleja,8,rural,RM,191.3859,612.4348
-55.4703,-34.0297,Lavalleja,8,rural,RS1,95.6929,306.2174
-55.4703,-34.0297,Lavalleja,8,rural,UFB,95.6929,306.2174
-55.2966,-34.1199,Lavalleja,8,rural,RM,119.0797,381.0549
-55.2966,-34.1199,Lavalleja,8,rural,RS1,59.5398,190.5275
-55.2966,-34.1199,Lavalleja,8,rural,UFB,59.5398,190.5275
-54.9588,-34.2322,Lavalleja,8,rural,RM,201.6553,645.2971
-54.9588,-34.2322,Lavalleja,8,rural,RS1,100.8277,322.6485
-54.9588,-34.2322,Lavalleja,8,rural,UFB,100.8277,322.6485
-55.2038,-34.3322,Lavalleja,8,urban,C1M,21.6572,389.8302
-55.2038,-34.3322,Lavalleja,8,urban,C3M,21.6572,389.8302
-55.2038,-34.3322,Lavalleja,8,rural,RM,209.5419,670.534
-55.2038,-34.3322,Lavalleja,8,urban,RM,1516.0063,13644.0567
-55.2038,-34.3322,Lavalleja,8,rural,RS1,104.7709,335.267
-55.2038,-34.3322,Lavalleja,8,urban,RS1,1342.7484,12084.7359
-55.2038,-34.3322,Lavalleja,8,rural,UFB,104.7709,335.267
-55.2038,-34.3322,Lavalleja,8,urban,UFB,1386.0629,12474.5661
-55.4943,-34.3053,Lavalleja,8,rural,RM,83.0986,265.9154
-55.4943,-34.3053,Lavalleja,8,rural,RS1,41.5493,132.9577
-55.4943,-34.3053,Lavalleja,8,rural,UFB,41.5493,132.9577
-55.4249,-34.5088,Lavalleja,8,rural,RM,456.2503,1460.0009
-55.4249,-34.5088,Lavalleja,8,rural,RS1,228.1251,730.0005
-55.4249,-34.5088,Lavalleja,8,rural,UFB,228.1251,730.0005
-54.6256,-34.1519,Maldonado,9,rural,RM,320.8899,1026.8475
-54.6256,-34.1519,Maldonado,9,rural,RS1,160.4449,513.4238
-54.6256,-34.1519,Maldonado,9,rural,UFB,160.4449,513.4238
-54.7029,-34.365,Maldonado,9,rural,RM,38.3996,122.8787
-54.7029,-34.365,Maldonado,9,rural,RS1,19.1998,61.4393
-54.7029,-34.365,Maldonado,9,rural,UFB,19.1998,61.4393
-55.0533,-34.5828,Maldonado,9,rural,RM,38.0599,121.7918
-55.0533,-34.5828,Maldonado,9,rural,RS1,19.03,60.8959
-55.0533,-34.5828,Maldonado,9,rural,UFB,19.03,60.8959
-54.7521,-34.8322,Maldonado,9,urban,C1M,11.4257,205.6626
-54.7521,-34.8322,Maldonado,9,urban,C3M,11.4257,205.6626
-54.7521,-34.8322,Maldonado,9,rural,RM,55.7949,178.5438
-54.7521,-34.8322,Maldonado,9,urban,RM,799.799,7198.1906
-54.7521,-34.8322,Maldonado,9,rural,RS1,27.8975,89.2719
-54.7521,-34.8322,Maldonado,9,urban,RS1,708.3934,6375.5402
-54.7521,-34.8322,Maldonado,9,rural,UFB,27.8975,89.2719
-54.7521,-34.8322,Maldonado,9,urban,UFB,731.2448,6581.2028
-55.2452,-34.8493,Maldonado,9,urban,C1M,27.9423,502.9616
-55.2452,-34.8493,Maldonado,9,urban,C3M,27.9423,502.9616
-55.2452,-34.8493,Maldonado,9,rural,RM,747.0971,2390.7106
-55.2452,-34.8493,Maldonado,9,urban,RM,1955.9617,17603.6551
-55.2452,-34.8493,Maldonado,9,rural,RS1,373.5485,1195.3553
-55.2452,-34.8493,Maldonado,9,urban,RS1,1732.4232,15591.8088
-55.2452,-34.8493,Maldonado,9,rural,UFB,373.5485,1195.3553
-55.2452,-34.8493,Maldonado,9,urban,UFB,1788.3078,16094.7704
-54.9257,-34.6798,Maldonado,9,urban,C1M,2.5641,46.1534
-54.9257,-34.6798,Maldonado,9,urban,C3M,2.5641,46.1534
-54.9257,-34.6798,Maldonado,9,rural,RM,14.3067,45.7815
-54.9257,-34.6798,Maldonado,9,urban,RM,179.4856,1615.3704
-54.9257,-34.6798,Maldonado,9,rural,RS1,7.1534,22.8908
-54.9257,-34.6798,Maldonado,9,urban,RS1,158.973,1430.7566
-54.9257,-34.6798,Maldonado,9,rural,UFB,7.1534,22.8908
-54.9257,-34.6798,Maldonado,9,urban,UFB,164.1011,1476.9101
-55.3735,-34.786,Maldonado,9,urban,C1M,16.0464,288.835
-55.3735,-34.786,Maldonado,9,urban,C3M,16.0464,288.835
-55.3735,-34.786,Maldonado,9,rural,RM,142.0938,454.7001
-55.3735,-34.786,Maldonado,9,urban,RM,1123.247,10109.2232
-55.3735,-34.786,Maldonado,9,rural,RS1,71.0469,227.35
-55.3735,-34.786,Maldonado,9,urban,RS1,994.8759,8953.8834
-55.3735,-34.786,Maldonado,9,rural,UFB,71.0469,227.35
-55.3735,-34.786,Maldonado,9,urban,UFB,1026.9687,9242.7184
-54.5843,-34.7742,Maldonado,9,rural,RM,44.2146,141.4869
-54.5843,-34.7742,Maldonado,9,rural,RS1,22.1073,70.7434
-54.5843,-34.7742,Maldonado,9,rural,UFB,22.1073,70.7434
-54.99495,-34.89586,Maldonado,9,urban,RS1,712.0269,6408.2417
-54.99495,-34.89586,Maldonado,9,rural,RS1,7.3431,23.498
-54.99495,-34.89586,Maldonado,9,urban,UFB,734.9955,6614.9592
-54.99495,-34.89586,Maldonado,9,rural,UFB,7.3431,23.498
-54.99495,-34.89586,Maldonado,9,urban,C3M,11.4843,206.7175
-54.99495,-34.89586,Maldonado,9,urban,C1M,11.4843,206.7175
-54.99495,-34.89586,Maldonado,9,urban,RM,803.9013,7235.1116
-54.99495,-34.89586,Maldonado,9,rural,RM,14.6863,46.9961
-56.2594,-34.8702,Montevideo,10,urban,C1M,590.5669,10630.2037
-56.2594,-34.8702,Montevideo,10,urban,C3M,590.5669,10630.2037
-56.2594,-34.8702,Montevideo,10,rural,RM,375.311,1200.9951
-56.2594,-34.8702,Montevideo,10,urban,RM,41339.6811,372057.1301
-56.2594,-34.8702,Montevideo,10,rural,RS1,187.6555,600.4975
-56.2594,-34.8702,Montevideo,10,urban,RS1,36615.1461,329536.3153
-56.2594,-34.8702,Montevideo,10,rural,UFB,187.6555,600.4975
-56.2594,-34.8702,Montevideo,10,urban,UFB,37796.2799,340166.519
-57.7811,-31.7038,Paysandú,11,urban,C1M,2.8262,50.8712
-57.7811,-31.7038,Paysandú,11,urban,C3M,2.8262,50.8712
-57.7811,-31.7038,Paysandú,11,rural,RM,273.1314,874.0204
-57.7811,-31.7038,Paysandú,11,urban,RM,197.8323,1780.491
-57.7811,-31.7038,Paysandú,11,rural,RS1,136.5657,437.0102
-57.7811,-31.7038,Paysandú,11,urban,RS1,175.2229,1577.0063
-57.7811,-31.7038,Paysandú,11,rural,UFB,136.5657,437.0102
-57.7811,-31.7038,Paysandú,11,urban,UFB,180.8753,1627.8774
-57.3599,-31.788,Paysandú,11,rural,RM,224.1214,717.1884
-57.3599,-31.788,Paysandú,11,rural,RS1,112.0607,358.5942
-57.3599,-31.788,Paysandú,11,rural,UFB,112.0607,358.5942
-56.5398,-32.0871,Paysandú,11,rural,RM,260.3077,832.9846
-56.5398,-32.0871,Paysandú,11,rural,RS1,130.1538,416.4923
-56.5398,-32.0871,Paysandú,11,rural,UFB,130.1538,416.4923
-57.0736,-31.9854,Paysandú,11,rural,RM,398.2956,1274.546
-57.0736,-31.9854,Paysandú,11,rural,RS1,199.1478,637.273
-57.0736,-31.9854,Paysandú,11,rural,UFB,199.1478,637.273
-57.9037,-31.9215,Paysandú,11,rural,RM,672.9898,2153.5673
-57.9037,-31.9215,Paysandú,11,rural,RS1,336.4949,1076.7836
-57.9037,-31.9215,Paysandú,11,rural,UFB,336.4949,1076.7836
-56.6801,-31.9848,Paysandú,11,rural,RM,243.4284,778.9709
-56.6801,-31.9848,Paysandú,11,rural,RS1,121.7142,389.4855
-56.6801,-31.9848,Paysandú,11,rural,UFB,121.7142,389.4855
-57.5882,-31.9855,Paysandú,11,rural,RM,209.4772,670.3271
-57.5882,-31.9855,Paysandú,11,rural,RS1,104.7386,335.1635
-57.5882,-31.9855,Paysandú,11,rural,UFB,104.7386,335.1635
-58.0647,-32.1509,Paysandú,11,urban,C1M,13.4557,242.2024
-58.0647,-32.1509,Paysandú,11,urban,C3M,13.4557,242.2024
-58.0647,-32.1509,Paysandú,11,rural,RM,61.9013,198.0841
-58.0647,-32.1509,Paysandú,11,urban,RM,941.8984,8477.0853
-58.0647,-32.1509,Paysandú,11,rural,RS1,30.9506,99.042
-58.0647,-32.1509,Paysandú,11,urban,RS1,834.2528,7508.2755
-58.0647,-32.1509,Paysandú,11,rural,UFB,30.9506,99.042
-58.0647,-32.1509,Paysandú,11,urban,UFB,861.1642,7750.4779
-57.8728,-32.3482,Paysandú,11,urban,C1M,24.2166,435.898
-57.8728,-32.3482,Paysandú,11,urban,C3M,24.2166,435.898
-57.8728,-32.3482,Paysandú,11,rural,RM,282.7861,904.9156
-57.8728,-32.3482,Paysandú,11,urban,RM,1695.1587,15256.4286
-57.8728,-32.3482,Paysandú,11,rural,RS1,141.3931,452.4578
-57.8728,-32.3482,Paysandú,11,urban,RS1,1501.4263,13512.8368
-57.8728,-32.3482,Paysandú,11,rural,UFB,141.3931,452.4578
-57.8728,-32.3482,Paysandú,11,urban,UFB,1549.8594,13948.7347
-57.5856,-32.2597,Paysandú,11,rural,RM,363.3597,1162.7509
-57.5856,-32.2597,Paysandú,11,rural,RS1,181.6798,581.3755
-57.5856,-32.2597,Paysandú,11,rural,UFB,181.6798,581.3755
-57.1275,-32.247,Paysandú,11,rural,RM,199.9388,639.8041
-57.1275,-32.247,Paysandú,11,urban,RM,9.6698,87.0282
-57.1275,-32.247,Paysandú,11,rural,RS1,99.9694,319.9021
-57.1275,-32.247,Paysandú,11,urban,RS1,8.5647,77.0822
-57.1275,-32.247,Paysandú,11,rural,UFB,99.9694,319.9021
-57.1275,-32.247,Paysandú,11,urban,UFB,8.841,79.5687
-58.0979,-32.4265,Paysandú,11,urban,C1M,9.4709,170.4765
-58.0979,-32.4265,Paysandú,11,urban,C3M,9.4709,170.4765
-58.0979,-32.4265,Paysandú,11,rural,RM,35.6129,113.9612
-58.0979,-32.4265,Paysandú,11,urban,RM,662.9642,5966.6781
-58.0979,-32.4265,Paysandú,11,rural,RS1,17.8064,56.9806
-58.0979,-32.4265,Paysandú,11,urban,RS1,587.1969,5284.7721
-58.0979,-32.4265,Paysandú,11,rural,UFB,17.8064,56.9806
-58.0979,-32.4265,Paysandú,11,urban,UFB,606.1387,5455.2486
-57.089,-32.4629,Río Negro,12,urban,C1M,2.6952,48.5135
-57.089,-32.4629,Río Negro,12,urban,C3M,2.6952,48.5135
-57.089,-32.4629,Río Negro,12,rural,RM,108.6622,347.7189
-57.089,-32.4629,Río Negro,12,urban,RM,188.6636,1697.9723
-57.089,-32.4629,Río Negro,12,rural,RS1,54.3311,173.8594
-57.089,-32.4629,Río Negro,12,urban,RS1,167.102,1503.9183
-57.089,-32.4629,Río Negro,12,rural,UFB,54.3311,173.8594
-57.089,-32.4629,Río Negro,12,urban,UFB,172.4924,1552.4318
-56.8227,-32.5162,Río Negro,12,rural,RM,98.4239,314.9565
-56.8227,-32.5162,Río Negro,12,rural,RS1,49.2119,157.4782
-56.8227,-32.5162,Río Negro,12,rural,UFB,49.2119,157.4782
-57.4366,-32.6413,Río Negro,12,rural,RM,88.884,284.4287
-57.4366,-32.6413,Río Negro,12,urban,RM,5.5713,50.142
-57.4366,-32.6413,Río Negro,12,rural,RS1,44.442,142.2143
-57.4366,-32.6413,Río Negro,12,urban,RS1,4.9346,44.4115
-57.4366,-32.6413,Río Negro,12,rural,UFB,44.442,142.2143
-57.4366,-32.6413,Río Negro,12,urban,UFB,5.0938,45.8442
-57.4883,-32.5126,Río Negro,12,rural,RM,23.9363,76.5962
-57.4883,-32.5126,Río Negro,12,rural,RS1,11.9682,38.2981
-57.4883,-32.5126,Río Negro,12,rural,UFB,11.9682,38.2981
-57.732,-32.575,Río Negro,12,rural,RM,51.4942,164.7814
-57.732,-32.575,Río Negro,12,rural,RS1,25.7471,82.3907
-57.732,-32.575,Río Negro,12,rural,UFB,25.7471,82.3907
-57.9932,-32.6363,Río Negro,12,rural,RM,302.8708,969.1865
-57.9932,-32.6363,Río Negro,12,rural,RS1,151.4354,484.5932
-57.9932,-32.6363,Río Negro,12,rural,UFB,151.4354,484.5932
-57.6546,-32.7767,Río Negro,12,urban,C1M,8.653,155.7549
-57.6546,-32.7767,Río Negro,12,urban,C3M,8.653,155.7549
-57.6546,-32.7767,Río Negro,12,rural,RM,90.5798,289.8555
-57.6546,-32.7767,Río Negro,12,urban,RM,605.7133,5451.4201
-57.6546,-32.7767,Río Negro,12,rural,RS1,45.2899,144.9278
-57.6546,-32.7767,Río Negro,12,urban,RS1,536.489,4828.4007
-57.6546,-32.7767,Río Negro,12,rural,UFB,45.2899,144.9278
-57.6546,-32.7767,Río Negro,12,urban,UFB,553.7951,4984.1555
-57.2021,-32.7095,Río Negro,12,rural,RM,67.3322,215.4632
-57.2021,-32.7095,Río Negro,12,rural,RS1,33.6661,107.7316
-57.2021,-32.7095,Río Negro,12,rural,UFB,33.6661,107.7316
-57.0184,-32.7608,Río Negro,12,rural,RM,59.1954,189.4252
-57.0184,-32.7608,Río Negro,12,rural,RS1,29.5977,94.7126
-57.0184,-32.7608,Río Negro,12,rural,UFB,29.5977,94.7126
-57.9621,-32.8669,Río Negro,12,rural,RM,472.0491,1510.5571
-57.9621,-32.8669,Río Negro,12,rural,RS1,236.0246,755.2786
-57.9621,-32.8669,Río Negro,12,rural,UFB,236.0246,755.2786
-57.3326,-32.9294,Río Negro,12,rural,RM,62.6198,200.3835
-57.3326,-32.9294,Río Negro,12,rural,RS1,31.3099,100.1917
-57.3326,-32.9294,Río Negro,12,rural,UFB,31.3099,100.1917
-58.204,-33.1905,Río Negro,12,urban,C1M,12.8451,231.211
-58.204,-33.1905,Río Negro,12,urban,C3M,12.8451,231.211
-58.204,-33.1905,Río Negro,12,rural,RM,65.4496,209.4388
-58.204,-33.1905,Río Negro,12,urban,RM,899.154,8092.3864
-58.204,-33.1905,Río Negro,12,rural,RS1,32.7248,104.7194
-58.204,-33.1905,Río Negro,12,urban,RS1,796.3936,7167.5422
-58.204,-33.1905,Río Negro,12,rural,UFB,32.7248,104.7194
-58.204,-33.1905,Río Negro,12,urban,UFB,822.0837,7398.7533
-55.5635,-30.9412,Rivera,13,urban,C1M,37.7751,679.9525
-55.5635,-30.9412,Rivera,13,urban,C3M,37.7751,679.9525
-55.5635,-30.9412,Rivera,13,rural,RM,70.6877,226.2007
-55.5635,-30.9412,Rivera,13,urban,RM,2644.2596,23798.3365
-55.5635,-30.9412,Rivera,13,rural,RS1,35.3439,113.1003
-55.5635,-30.9412,Rivera,13,urban,RS1,2342.0585,21078.5266
-55.5635,-30.9412,Rivera,13,rural,UFB,35.3439,113.1003
-55.5635,-30.9412,Rivera,13,urban,UFB,2417.6088,21758.479
-55.578,-31.0577,Rivera,13,rural,RM,346.0791,1107.4531
-55.578,-31.0577,Rivera,13,rural,RS1,173.0395,553.7265
-55.578,-31.0577,Rivera,13,rural,UFB,173.0395,553.7265
-55.7957,-31.2706,Rivera,13,urban,C1M,3.7228,67.011
-55.7957,-31.2706,Rivera,13,urban,C3M,3.7228,67.011
-55.7957,-31.2706,Rivera,13,rural,RM,680.2319,2176.742
-55.7957,-31.2706,Rivera,13,urban,RM,260.5982,2345.3836
-55.7957,-31.2706,Rivera,13,rural,RS1,340.1159,1088.371
-55.7957,-31.2706,Rivera,13,urban,RS1,230.8155,2077.3398
-55.7957,-31.2706,Rivera,13,rural,UFB,340.1159,1088.371
-55.7957,-31.2706,Rivera,13,urban,UFB,238.2612,2144.3507
-55.3456,-31.2586,Rivera,13,rural,RM,407.6471,1304.4707
-55.3456,-31.2586,Rivera,13,rural,RS1,203.8235,652.2353
-55.3456,-31.2586,Rivera,13,rural,UFB,203.8235,652.2353
-54.9223,-31.6175,Rivera,13,rural,RM,460.6216,1473.9891
-54.9223,-31.6175,Rivera,13,rural,RS1,230.3108,736.9945
-54.9223,-31.6175,Rivera,13,rural,UFB,230.3108,736.9945
-55.5601,-31.5611,Rivera,13,rural,RM,244.4681,782.2979
-55.5601,-31.5611,Rivera,13,rural,RS1,122.2341,391.149
-55.5601,-31.5611,Rivera,13,rural,UFB,122.2341,391.149
-54.6411,-31.7474,Rivera,13,rural,RM,1465.6249,4689.9998
-54.6411,-31.7474,Rivera,13,rural,RS1,732.8125,2344.9999
-54.6411,-31.7474,Rivera,13,rural,UFB,732.8125,2344.9999
-53.8649,-33.4273,Rocha,14,rural,RM,700.4696,2241.5027
-53.8649,-33.4273,Rocha,14,rural,RS1,350.2348,1120.7514
-53.8649,-33.4273,Rocha,14,rural,UFB,350.2348,1120.7514
-54.3129,-33.7989,Rocha,14,urban,C1M,4.0667,73.2006
-54.3129,-33.7989,Rocha,14,urban,C3M,4.0667,73.2006
-54.3129,-33.7989,Rocha,14,rural,RM,301.576,965.0432
-54.3129,-33.7989,Rocha,14,urban,RM,284.6688,2562.0196
-54.3129,-33.7989,Rocha,14,rural,RS1,150.788,482.5216
-54.3129,-33.7989,Rocha,14,urban,RS1,252.1353,2269.2174
-54.3129,-33.7989,Rocha,14,rural,UFB,150.788,482.5216
-54.3129,-33.7989,Rocha,14,urban,UFB,260.2687,2342.418
-53.5465,-33.9515,Rocha,14,urban,C1M,5.3266,95.8785
-53.5465,-33.9515,Rocha,14,urban,C3M,5.3266,95.8785
-53.5465,-33.9515,Rocha,14,rural,RM,391.9788,1254.3323
-53.5465,-33.9515,Rocha,14,urban,RM,372.8609,3355.7482
-53.5465,-33.9515,Rocha,14,rural,RS1,195.9894,627.1661
-53.5465,-33.9515,Rocha,14,urban,RS1,330.2482,2972.2341
-53.5465,-33.9515,Rocha,14,rural,UFB,195.9894,627.1661
-53.5465,-33.9515,Rocha,14,urban,UFB,340.9014,3068.1126
-53.7979,-34.1907,Rocha,14,urban,C1M,4.3053,77.4952
-53.7979,-34.1907,Rocha,14,urban,C3M,4.3053,77.4952
-53.7979,-34.1907,Rocha,14,rural,RM,480.1963,1536.6281
-53.7979,-34.1907,Rocha,14,urban,RM,301.3703,2712.3324
-53.7979,-34.1907,Rocha,14,rural,RS1,240.0981,768.3141
-53.7979,-34.1907,Rocha,14,urban,RS1,266.9279,2402.3515
-53.7979,-34.1907,Rocha,14,rural,UFB,240.0981,768.3141
-53.7979,-34.1907,Rocha,14,urban,UFB,275.5385,2479.8467
-54.1253,-34.0917,Rocha,14,rural,RM,245.1694,784.542
-54.1253,-34.0917,Rocha,14,rural,RS1,122.5847,392.271
-54.1253,-34.0917,Rocha,14,rural,UFB,122.5847,392.271
-54.3364,-34.1639,Rocha,14,rural,RM,181.9687,582.3
-54.3364,-34.1639,Rocha,14,rural,RS1,90.9844,291.15
-54.3364,-34.1639,Rocha,14,rural,UFB,90.9844,291.15
-54.1132,-34.3481,Rocha,14,rural,RM,190.0622,608.1992
-54.1132,-34.3481,Rocha,14,urban,RM,34.5846,311.2609
-54.1132,-34.3481,Rocha,14,rural,RS1,95.0311,304.0996
-54.1132,-34.3481,Rocha,14,urban,RS1,30.632,275.6883
-54.1132,-34.3481,Rocha,14,rural,UFB,95.0311,304.0996
-54.1132,-34.3481,Rocha,14,urban,UFB,31.6202,284.5814
-54.3114,-34.5151,Rocha,14,urban,C1M,13.405,241.2893
-54.3114,-34.5151,Rocha,14,urban,C3M,13.405,241.2893
-54.3114,-34.5151,Rocha,14,rural,RM,100.9486,323.0355
-54.3114,-34.5151,Rocha,14,urban,RM,938.3473,8445.1259
-54.3114,-34.5151,Rocha,14,rural,RS1,50.4743,161.5177
-54.3114,-34.5151,Rocha,14,urban,RS1,831.1076,7479.9686
-54.3114,-34.5151,Rocha,14,rural,UFB,50.4743,161.5177
-54.3114,-34.5151,Rocha,14,urban,UFB,857.9175,7721.2579
-54.3623,-34.6656,Rocha,14,rural,RM,132.1601,422.9122
-54.3623,-34.6656,Rocha,14,urban,RM,67.8042,610.2379
-54.3623,-34.6656,Rocha,14,rural,RS1,66.08,211.4561
-54.3623,-34.6656,Rocha,14,urban,RS1,60.0552,540.4965
-54.3623,-34.6656,Rocha,14,rural,UFB,66.08,211.4561
-54.3623,-34.6656,Rocha,14,urban,UFB,61.9924,557.9318
-54.09091,-34.51049,Rocha,14,rural,RM,361.6447,1157.263
-54.09091,-34.51049,Rocha,14,rural,UFB,180.8223,578.6315
-54.09091,-34.51049,Rocha,14,rural,RS1,180.8223,578.6315
-57.5971,-30.8185,Salto,15,rural,RM,468.9131,1500.522
-57.5971,-30.8185,Salto,15,rural,RS1,234.4566,750.261
-57.5971,-30.8185,Salto,15,rural,UFB,234.4566,750.261
-57.0208,-31.0174,Salto,15,rural,RM,452.2529,1447.2093
-57.0208,-31.0174,Salto,15,rural,RS1,226.1265,723.6047
-57.0208,-31.0174,Salto,15,rural,UFB,226.1265,723.6047
-56.3399,-31.0515,Salto,15,rural,RM,379.8048,1215.3754
-56.3399,-31.0515,Salto,15,rural,RS1,189.9024,607.6877
-56.3399,-31.0515,Salto,15,rural,UFB,189.9024,607.6877
-57.622,-31.1018,Salto,15,rural,RM,920.8256,2946.6418
-57.622,-31.1018,Salto,15,rural,RS1,460.4128,1473.3209
-57.622,-31.1018,Salto,15,rural,UFB,460.4128,1473.3209
-57.672,-31.3828,Salto,15,urban,C1M,53.0082,954.1469
-57.672,-31.3828,Salto,15,urban,C3M,53.0082,954.1469
-57.672,-31.3828,Salto,15,rural,RM,316.2905,1012.1294
-57.672,-31.3828,Salto,15,urban,RM,3710.5712,33395.141
-57.672,-31.3828,Salto,15,rural,RS1,158.1452,506.0647
-57.672,-31.3828,Salto,15,urban,RS1,3286.5059,29578.5534
-57.672,-31.3828,Salto,15,rural,UFB,158.1452,506.0647
-57.672,-31.3828,Salto,15,urban,UFB,3392.5223,30532.7003
-56.6417,-31.2615,Salto,15,rural,RM,803.9765,2572.7247
-56.6417,-31.2615,Salto,15,rural,RS1,401.9882,1286.3623
-56.6417,-31.2615,Salto,15,rural,UFB,401.9882,1286.3623
-57.2437,-31.3712,Salto,15,rural,RM,558.0972,1785.9112
-57.2437,-31.3712,Salto,15,rural,RS1,279.0486,892.9556
-57.2437,-31.3712,Salto,15,rural,UFB,279.0486,892.9556
-56.8158,-31.4941,Salto,15,rural,RM,832.6254,2664.4013
-56.8158,-31.4941,Salto,15,rural,RS1,416.3127,1332.2007
-56.8158,-31.4941,Salto,15,rural,UFB,416.3127,1332.2007
-56.9492,-30.849,Salto,15,rural,RM,393.4514,1259.0443
-56.9492,-30.849,Salto,15,rural,RS1,196.7257,629.5222
-56.9492,-30.849,Salto,15,rural,UFB,196.7257,629.5222
-57.364,-31.6244,Salto,15,rural,RM,401.5118,1284.8378
-57.364,-31.6244,Salto,15,rural,RS1,200.7559,642.4189
-57.364,-31.6244,Salto,15,rural,UFB,200.7559,642.4189
-56.6793,-33.9966,San José,16,rural,RM,2337.1562,7478.8999
-56.6793,-33.9966,San José,16,rural,RS1,1168.5781,3739.45
-56.6793,-33.9966,San José,16,rural,UFB,1168.5781,3739.45
-56.9419,-34.04,San José,16,rural,RM,1296.5059,4148.8188
-56.9419,-34.04,San José,16,rural,RS1,648.2529,2074.4094
-56.9419,-34.04,San José,16,rural,UFB,648.2529,2074.4094
-56.5498,-34.2572,San José,16,rural,RM,3331.6356,10661.2339
-56.5498,-34.2572,San José,16,urban,RM,49.5655,446.0897
-56.5498,-34.2572,San José,16,rural,RS1,1665.8178,5330.617
-56.5498,-34.2572,San José,16,urban,RS1,43.9009,395.108
-56.5498,-34.2572,San José,16,rural,UFB,1665.8178,5330.617
-56.5498,-34.2572,San José,16,urban,UFB,45.317,407.8534
-56.8872,-34.2685,San José,16,rural,RM,1025.3223,3281.0313
-56.8872,-34.2685,San José,16,rural,RS1,512.6611,1640.5157
-56.8872,-34.2685,San José,16,rural,UFB,512.6611,1640.5157
-56.673,-34.2595,San José,16,rural,RM,411.1293,1315.6138
-56.673,-34.2595,San José,16,rural,RS1,205.5647,657.8069
-56.673,-34.2595,San José,16,rural,UFB,205.5647,657.8069
-57.0631,-34.4302,San José,16,rural,RM,1965.5383,6289.7226
-57.0631,-34.4302,San José,16,rural,RS1,982.7692,3144.8613
-57.0631,-34.4302,San José,16,rural,UFB,982.7692,3144.8613
-56.7705,-34.6558,San José,16,urban,C1M,5.7478,103.4598
-56.7705,-34.6558,San José,16,urban,C3M,5.7478,103.4598
-56.7705,-34.6558,San José,16,rural,RM,3068.4727,9819.1126
-56.7705,-34.6558,San José,16,urban,RM,402.3436,3621.0921
-56.7705,-34.6558,San José,16,rural,RS1,1534.2363,4909.5563
-56.7705,-34.6558,San José,16,urban,RS1,356.3614,3207.253
-56.7705,-34.6558,San José,16,rural,UFB,1534.2363,4909.5563
-56.7705,-34.6558,San José,16,urban,UFB,367.857,3310.7128
-57.9778,-33.2958,Soriano,17,urban,C1M,23.1045,415.881
-57.9778,-33.2958,Soriano,17,urban,C3M,23.1045,415.881
-57.9778,-33.2958,Soriano,17,rural,RM,117.5386,376.1235
-57.9778,-33.2958,Soriano,17,urban,RM,1617.315,14555.8349
-57.9778,-33.2958,Soriano,17,rural,RS1,58.7693,188.0618
-57.9778,-33.2958,Soriano,17,urban,RS1,1432.479,12892.3109
-57.9778,-33.2958,Soriano,17,rural,UFB,58.7693,188.0618
-57.9778,-33.2958,Soriano,17,urban,UFB,1478.688,13308.1919
-57.4159,-33.3941,Soriano,17,rural,RM,225.8687,722.7798
-57.4159,-33.3941,Soriano,17,rural,RS1,112.9343,361.3899
-57.4159,-33.3941,Soriano,17,rural,UFB,112.9343,361.3899
-58.1751,-33.385,Soriano,17,rural,RM,375.1672,1200.5349
-58.1751,-33.385,Soriano,17,rural,RS1,187.5836,600.2674
-58.1751,-33.385,Soriano,17,rural,UFB,187.5836,600.2674
-57.7333,-33.4197,Soriano,17,rural,RM,304.1102,973.1528
-57.7333,-33.4197,Soriano,17,rural,RS1,152.0551,486.5764
-57.7333,-33.4197,Soriano,17,rural,UFB,152.0551,486.5764
-57.9814,-33.5311,Soriano,17,urban,C1M,2.3418,42.1519
-57.9814,-33.5311,Soriano,17,urban,C3M,2.3418,42.1519
-57.9814,-33.5311,Soriano,17,rural,RM,587.0139,1878.4445
-57.9814,-33.5311,Soriano,17,urban,RM,163.9239,1475.3151
-57.9814,-33.5311,Soriano,17,rural,RS1,293.507,939.2222
-57.9814,-33.5311,Soriano,17,urban,RS1,145.1897,1306.7077
-57.9814,-33.5311,Soriano,17,rural,UFB,293.507,939.2222
-57.9814,-33.5311,Soriano,17,urban,UFB,149.8733,1348.8595
-57.481,-33.6454,Soriano,17,rural,RM,619.1858,1981.3945
-57.481,-33.6454,Soriano,17,rural,RS1,309.5929,990.6973
-57.481,-33.6454,Soriano,17,rural,UFB,309.5929,990.6973
-58.1343,-33.6216,Soriano,17,urban,C1M,6.4569,116.2235
-58.1343,-33.6216,Soriano,17,urban,C3M,6.4569,116.2235
-58.1343,-33.6216,Soriano,17,rural,RM,180.1508,576.4826
-58.1343,-33.6216,Soriano,17,urban,RM,451.9804,4067.8237
-58.1343,-33.6216,Soriano,17,rural,RS1,90.0754,288.2413
-58.1343,-33.6216,Soriano,17,urban,RS1,400.3255,3602.9296
-58.1343,-33.6216,Soriano,17,rural,UFB,90.0754,288.2413
-58.1343,-33.6216,Soriano,17,urban,UFB,413.2392,3719.1531
-58.3054,-33.6887,Soriano,17,rural,RM,282.1706,902.946
-58.3054,-33.6887,Soriano,17,urban,RM,16.839,151.5507
-58.3054,-33.6887,Soriano,17,rural,RS1,141.0853,451.473
-58.3054,-33.6887,Soriano,17,urban,RS1,14.9145,134.2306
-58.3054,-33.6887,Soriano,17,rural,UFB,141.0853,451.473
-58.3054,-33.6887,Soriano,17,urban,UFB,15.3956,138.5606
-57.3069,-33.6989,Soriano,17,urban,C1M,2.8372,51.0705
-57.3069,-33.6989,Soriano,17,urban,C3M,2.8372,51.0705
-57.3069,-33.6989,Soriano,17,rural,RM,322.7106,1032.674
-57.3069,-33.6989,Soriano,17,urban,RM,198.6073,1787.4661
-57.3069,-33.6989,Soriano,17,rural,RS1,161.3553,516.337
-57.3069,-33.6989,Soriano,17,urban,RS1,175.9094,1583.1843
-57.3069,-33.6989,Soriano,17,rural,UFB,161.3553,516.337
-57.3069,-33.6989,Soriano,17,urban,UFB,181.5839,1634.2547
-57.7823,-33.6844,Soriano,17,rural,RM,292.7107,936.6742
-57.7823,-33.6844,Soriano,17,rural,RS1,146.3553,468.3371
-57.7823,-33.6844,Soriano,17,rural,UFB,146.3553,468.3371
-57.6413,-33.8099,Soriano,17,rural,RM,307.8432,985.0983
-57.6413,-33.8099,Soriano,17,rural,RS1,153.9216,492.5492
-57.6413,-33.8099,Soriano,17,rural,UFB,153.9216,492.5492
-57.4097,-33.0993,Soriano,17,rural,RM,173.7046,555.8548
-57.4097,-33.0993,Soriano,17,rural,RS1,86.8523,277.9274
-57.4097,-33.0993,Soriano,17,rural,UFB,86.8523,277.9274
-57.6146,-33.1737,Soriano,17,rural,RM,202.2135,647.0832
-57.6146,-33.1737,Soriano,17,rural,RS1,101.1068,323.5416
-57.6146,-33.1737,Soriano,17,rural,UFB,101.1068,323.5416
-57.7929,-33.1747,Soriano,17,rural,RM,269.3778,862.0088
-57.7929,-33.1747,Soriano,17,rural,RS1,134.6889,431.0044
-57.7929,-33.1747,Soriano,17,rural,UFB,134.6889,431.0044
-55.971,-31.4281,Tacuarembó,18,rural,RM,447.1247,1430.799
-55.971,-31.4281,Tacuarembó,18,rural,RS1,223.5623,715.3995
-55.971,-31.4281,Tacuarembó,18,rural,UFB,223.5623,715.3995
-56.1283,-31.5075,Tacuarembó,18,rural,RM,256.5357,820.9144
-56.1283,-31.5075,Tacuarembó,18,rural,RS1,128.2679,410.4572
-56.1283,-31.5075,Tacuarembó,18,rural,UFB,128.2679,410.4572
-56.2398,-31.6187,Tacuarembó,18,rural,RM,178.7334,571.9467
-56.2398,-31.6187,Tacuarembó,18,rural,RS1,89.3667,285.9734
-56.2398,-31.6187,Tacuarembó,18,rural,UFB,89.3667,285.9734
-55.7257,-31.7677,Tacuarembó,18,urban,C1M,11.8952,214.1141
-55.7257,-31.7677,Tacuarembó,18,urban,C3M,11.8952,214.1141
-55.7257,-31.7677,Tacuarembó,18,rural,RM,475.979,1523.1327
-55.7257,-31.7677,Tacuarembó,18,urban,RM,832.666,7493.9942
-55.7257,-31.7677,Tacuarembó,18,rural,RS1,237.9895,761.5663
-55.7257,-31.7677,Tacuarembó,18,urban,RS1,737.5042,6637.5377
-55.7257,-31.7677,Tacuarembó,18,rural,UFB,237.9895,761.5663
-55.7257,-31.7677,Tacuarembó,18,urban,UFB,761.2946,6851.6518
-56.0155,-31.7134,Tacuarembó,18,urban,C1M,12.358,222.4443
-56.0155,-31.7134,Tacuarembó,18,urban,C3M,12.358,222.4443
-56.0155,-31.7134,Tacuarembó,18,rural,RM,24.2499,77.5996
-56.0155,-31.7134,Tacuarembó,18,urban,RM,865.0611,7785.5501
-56.0155,-31.7134,Tacuarembó,18,rural,RS1,12.1249,38.7998
-56.0155,-31.7134,Tacuarembó,18,urban,RS1,766.197,6895.773
-56.0155,-31.7134,Tacuarembó,18,rural,UFB,12.1249,38.7998
-56.0155,-31.7134,Tacuarembó,18,urban,UFB,790.913,7118.2173
-56.226,-31.9179,Tacuarembó,18,rural,RM,421.2475,1347.9919
-56.226,-31.9179,Tacuarembó,18,rural,RS1,210.6237,673.9959
-56.226,-31.9179,Tacuarembó,18,rural,UFB,210.6237,673.9959
-55.7892,-32.061,Tacuarembó,18,urban,C1M,3.7415,67.347
-55.7892,-32.061,Tacuarembó,18,urban,C3M,3.7415,67.347
-55.7892,-32.061,Tacuarembó,18,rural,RM,878.2236,2810.3155
-55.7892,-32.061,Tacuarembó,18,urban,RM,261.905,2357.1453
-55.7892,-32.061,Tacuarembó,18,rural,RS1,439.1118,1405.1577
-55.7892,-32.061,Tacuarembó,18,urban,RS1,231.973,2087.7573
-55.7892,-32.061,Tacuarembó,18,rural,UFB,439.1118,1405.1577
-55.7892,-32.061,Tacuarembó,18,urban,UFB,239.456,2155.1043
-55.3429,-31.9393,Tacuarembó,18,rural,RM,636.5198,2036.8633
-55.3429,-31.9393,Tacuarembó,18,rural,RS1,318.2599,1018.4316
-55.3429,-31.9393,Tacuarembó,18,rural,UFB,318.2599,1018.4316
-55.1521,-32.0112,Tacuarembó,18,rural,RM,374.0253,1196.881
-55.1521,-32.0112,Tacuarembó,18,rural,RS1,187.0127,598.4405
-55.1521,-32.0112,Tacuarembó,18,rural,UFB,187.0127,598.4405
-54.8916,-32.062,Tacuarembó,18,rural,RM,302.8397,969.0871
-54.8916,-32.062,Tacuarembó,18,rural,RS1,151.4199,484.5435
-54.8916,-32.062,Tacuarembó,18,rural,UFB,151.4199,484.5435
-56.0885,-32.3528,Tacuarembó,18,rural,RM,1244.178,3981.3696
-56.0885,-32.3528,Tacuarembó,18,rural,RS1,622.089,1990.6848
-56.0885,-32.3528,Tacuarembó,18,rural,UFB,622.089,1990.6848
-55.1927,-32.2826,Tacuarembó,18,rural,RM,554.5356,1774.514
-55.1927,-32.2826,Tacuarembó,18,rural,RS1,277.2678,887.257
-55.1927,-32.2826,Tacuarembó,18,rural,UFB,277.2678,887.257
-56.4447,-32.3209,Tacuarembó,18,rural,RM,271.9141,870.1251
-56.4447,-32.3209,Tacuarembó,18,rural,RS1,135.957,435.0625
-56.4447,-32.3209,Tacuarembó,18,rural,UFB,135.957,435.0625
-56.5601,-32.5759,Tacuarembó,18,rural,RM,191.8491,613.9171
-56.5601,-32.5759,Tacuarembó,18,rural,RS1,95.9246,306.9586
-56.5601,-32.5759,Tacuarembó,18,rural,UFB,95.9246,306.9586
-54.2854,-33.2696,Treinta y Tres,19,urban,C1M,12.9191,232.5433
-54.2854,-33.2696,Treinta y Tres,19,urban,C3M,12.9191,232.5433
-54.2854,-33.2696,Treinta y Tres,19,rural,RM,338.489,1083.1647
-54.2854,-33.2696,Treinta y Tres,19,urban,RM,904.3352,8139.0173
-54.2854,-33.2696,Treinta y Tres,19,rural,RS1,169.2445,541.5824
-54.2854,-33.2696,Treinta y Tres,19,urban,RS1,800.9826,7208.8439
-54.2854,-33.2696,Treinta y Tres,19,rural,UFB,169.2445,541.5824
-54.2854,-33.2696,Treinta y Tres,19,urban,UFB,826.8208,7441.3872
-53.6974,-32.8875,Treinta y Tres,19,rural,RM,595.2622,1904.8391
-53.6974,-32.8875,Treinta y Tres,19,rural,RS1,297.6311,952.4195
-53.6974,-32.8875,Treinta y Tres,19,rural,UFB,297.6311,952.4195
-54.285,-32.8064,Treinta y Tres,19,rural,RM,283.7831,908.106
-54.285,-32.8064,Treinta y Tres,19,rural,RS1,141.8916,454.053
-54.285,-32.8064,Treinta y Tres,19,rural,UFB,141.8916,454.053
-54.6938,-32.9321,Treinta y Tres,19,rural,RM,249.9003,799.681
-54.6938,-32.9321,Treinta y Tres,19,rural,RS1,124.9502,399.8405
-54.6938,-32.9321,Treinta y Tres,19,rural,UFB,124.9502,399.8405
-54.9217,-32.9186,Treinta y Tres,19,rural,RM,507.8329,1625.0654
-54.9217,-32.9186,Treinta y Tres,19,rural,RS1,253.9165,812.5327
-54.9217,-32.9186,Treinta y Tres,19,rural,UFB,253.9165,812.5327
-54.0983,-32.8925,Treinta y Tres,19,rural,RM,710.342,2273.0942
-54.0983,-32.8925,Treinta y Tres,19,rural,RS1,355.171,1136.5471
-54.0983,-32.8925,Treinta y Tres,19,rural,UFB,355.171,1136.5471
-54.3378,-33.0974,Treinta y Tres,19,urban,C1M,2.7025,48.6452
-54.3378,-33.0974,Treinta y Tres,19,urban,C3M,2.7025,48.6452
-54.3378,-33.0974,Treinta y Tres,19,rural,RM,297.7164,952.6924
-54.3378,-33.0974,Treinta y Tres,19,urban,RM,189.1756,1702.5806
-54.3378,-33.0974,Treinta y Tres,19,rural,RS1,148.8582,476.3462
-54.3378,-33.0974,Treinta y Tres,19,urban,RS1,167.5556,1508
-54.3378,-33.0974,Treinta y Tres,19,rural,UFB,148.8582,476.3462
-54.3378,-33.0974,Treinta y Tres,19,urban,UFB,172.9606,1556.6451
-54.0454,-33.0603,Treinta y Tres,19,rural,RM,286.665,917.3279
-54.0454,-33.0603,Treinta y Tres,19,rural,RS1,143.3325,458.6639
-54.0454,-33.0603,Treinta y Tres,19,rural,UFB,143.3325,458.6639
-54.9072,-33.114,Treinta y Tres,19,rural,RM,589.4627,1886.2807
-54.9072,-33.114,Treinta y Tres,19,rural,RS1,294.7314,943.1404
-54.9072,-33.114,Treinta y Tres,19,rural,UFB,294.7314,943.1404
-58.22022,-34.00509,Colonia,4,urban,UFB,574.4335,5169.9011
-58.22022,-34.00509,Colonia,4,rural,UFB,151.8319,485.8621
-58.22022,-34.00509,Colonia,4,urban,RM,628.2866,5654.5793
-58.22022,-34.00509,Colonia,4,rural,RM,303.6638,971.7243
-58.22022,-34.00509,Colonia,4,urban,RS1,556.4824,5008.3417
-58.22022,-34.00509,Colonia,4,rural,RS1,151.8319,485.8621
-58.22022,-34.00509,Colonia,4,urban,C3M,8.9755,161.5594
-58.22022,-34.00509,Colonia,4,urban,C1M,8.9755,161.5594
